file,rows,bytes,columns,sha256,source_file,source_sha256
ACTIONS_PIT_ONLY.csv.gz,672423,5046026,date|action|ticker|value,74b449a656a399b2297cc5e16410c29db3fd04f0d1d9bfc689962f3e49838204,SHARADAR_ACTIONS.zip,db67132dca8cf38107ca4bcaea7276ea5d0e8f77254f6556802caad6efa91b02
SEP_1998_PIT_ONLY.csv.gz,2035181,19779942,ticker|date|volume|closeunadj,32d34dbd800305550d425bc292d95881c0d5c7580ed7666ce78b2466f880782a,SHARADAR_SEP_1998.csv(1).gz,cb0549b4e80ab55a11adec465ac5caa6f45159e465e593b7e541f222988119f8
SEP_1999_PIT_ONLY.csv.gz,2007924,19529263,ticker|date|volume|closeunadj,884c844fe8a7053b1d53a31b840f06b69470563bf31921996dd7cd02b60cd263,SHARADAR_SEP_1999.csv(1).gz,86d2efc937b792353b4ea5b44035d698f62348435b4a02b99f3fb72aa283c6da
SEP_2000_PIT_ONLY.csv.gz,1975696,19420262,ticker|date|volume|closeunadj,8f4af3f1afdd2bfa23a4a5d691c108de61ee9d7022edb57218d08131e70b7585,SHARADAR_SEP_2000.csv(2).gz,431fc93957070750b1beae3ebffe2a27c9792ce6829f3c1b7bba5b4b242ab9c0
SEP_2001_PIT_ONLY.csv.gz,1810462,17691882,ticker|date|volume|closeunadj,7a8dcf3a36c9b104839f49d4d68ab8822a9dec7d4b7ea552f3c833a3a1dbec04,SHARADAR_SEP_2001.csv(1).gz,23f8a84400e69077ad251563c25ece80632d00fe9cce317ac421b0525a0da140
SEP_2002_PIT_ONLY.csv.gz,1713493,16725742,ticker|date|volume|closeunadj,76c8f71a184645a489534cad9289f41b5cf35ff647cf7941453cf9412171edcb,SHARADAR_SEP_2002.csv(1).gz,21cd434da89cee2b71914e34143ef6480eb47608fe8c5d5fceb8a61482df3071
SEP_2003_PIT_ONLY.csv.gz,1643431,16220513,ticker|date|volume|closeunadj,ec4738df94a80ff10f4dce9f2090e33e7e41024267bb3084a6b022da6235d57d,SHARADAR_SEP_2003.csv(1).gz,5fbbd7fe8418c37d42ff1008fab59b9eb0e83e3e5897d662fb2a88fd89df265c
SEP_2004_PIT_ONLY.csv.gz,1621717,16261389,ticker|date|volume|closeunadj,42b6b4527785fc63300ed64b7b5c4459f7e9eb5a0154868fcbd27a84af41ad64,SHARADAR_SEP_2004.csv(2).gz,377f5e4d531d96a96fa42000edb67c45624fd7ce969b6f7355a13add1590de70
SEP_2005_PIT_ONLY.csv.gz,1611062,16238000,ticker|date|volume|closeunadj,72c90d22339cbe2441f633b1d7727a67ca840154bdbe2ce0543186571bad6660,SHARADAR_SEP_2005.csv(1).gz,78b939b9ce75a2da0e31c1f1b3970a59f77f80ea40329090dd6a965d664eb13f
SEP_2006_PIT_ONLY.csv.gz,1588668,15776269,ticker|date|volume|closeunadj,a5a97cb9c6d232dcd4d0f8580f74538099037fafca33098e901312fd248b1d9a,SHARADAR_SEP_2006.csv(1).gz,fe79c1d3d77c39c5cac0ed622b8a0d79f76f2dd691b94953acc8392eaa78135c
SEP_2007_PIT_ONLY.csv.gz,1562442,15634531,ticker|date|volume|closeunadj,3547b05e132ad2ba435943868a13f81428e6c1b8555765405fe36ce9ac4b797a,SHARADAR_SEP_2007.csv(1).gz,0a69d838ffa7f4759f58a59fdb920058ca2528ffa03cb409feb4cae3c9085cf8
SEP_2008_PIT_ONLY.csv.gz,1539720,15275835,ticker|date|volume|closeunadj,e588bc383b549af87c1b781d4b789ea2575d8283caeb425d19b1c5e4b20b83ce,SHARADAR_SEP_2008.csv(1).gz,50c672ec263fd570e21033e66eb31bb29a3bfa93456bc96f7f09e5dbde4a2d3e
SEP_2009_PIT_ONLY.csv.gz,1465008,14404437,ticker|date|volume|closeunadj,549ce16fcc5c088975266296d150a5a6d6d2b4e746a6eb0c0847bb92846abec7,SHARADAR_SEP_2009.csv(1).gz,9682265dcd00dfd248fc697ad40ce0a24e46474980855eb783e01537ff4d0a55
SEP_2010_PIT_ONLY.csv.gz,1427043,14105157,ticker|date|volume|closeunadj,ea342504d209a7f0975ccf68f271cf6495aaf7b71924f80be18a389e11b922dc,SHARADAR_SEP_2010.csv(1).gz,5b89e806e0dc358518d69c8287daa3f5134d0e52dca3f989d9fd7d06f1797a16
SEP_2011_PIT_ONLY.csv.gz,1395224,13832771,ticker|date|volume|closeunadj,c31fbbdd19aafa19531de9b2cfe9443213e354ab0f5484adf6c4a0284f02ae43,SHARADAR_SEP_2011.csv(1).gz,6df33ef5f704c339093224d9ea6727e8d94171f47bcef4821c452d830bc04c9c
SEP_2012_PIT_ONLY.csv.gz,1351874,13278118,ticker|date|volume|closeunadj,e23348f37fb7066f5cb12cb7f610825426e1b89dc619a86fbfadc63c2a468b48,SHARADAR_SEP_2012.csv(1).gz,7f88cbc4430f114a3a42370c250bca71a309602171d81a4b31177f5756436710
SEP_2013_PIT_ONLY.csv.gz,1342988,13328643,ticker|date|volume|closeunadj,92fa0d2268dcffa168b7a31154723cb31e0ad07940804cd87eb03f3465d4b085,SHARADAR_SEP_2013.csv(1).gz,8525ced4b73cb2b68ed6de6770ea0201244739722de3bc01f22465c784556451
SEP_2014_PIT_ONLY.csv.gz,1396589,14244095,ticker|date|volume|closeunadj,e94bc2ebf9236a2f8ebc1e1d6d6a6dcf9ef275c168b5c77c0d22946e0719fb74,SHARADAR_SEP_2014.csv(1).gz,eb5c92f3b9b22377caa929fcbf1d3b21d815de4b808f5dbfae0d120e0f2b2b9e
SEP_2015_PIT_ONLY.csv.gz,1490075,15564252,ticker|date|volume|closeunadj,ac33f145a2444cd550398d02c580720c8c82c0ae489e2a6ffb49a53a28942cbf,SHARADAR_SEP_2015.csv(1).gz,cc57d31d38a7637febd8df6d6a468d098bd6d50742d565abec51ddd767332856
SEP_2016_PIT_ONLY.csv.gz,1455380,15152022,ticker|date|volume|closeunadj,41aae811374cde924106141532e31ce573ef729c4c842701fcee71972ed90cf6,SHARADAR_SEP_2016.csv(1).gz,85ddbed15f017a9f9265a90460199acf7af2862dd0c622595c2abb0a2b159bdf
SEP_2017_PIT_ONLY.csv.gz,1432362,14849284,ticker|date|volume|closeunadj,aba296504133ac5780ec9276e257126c9b9dffef70ec56e1f2ab13d15219cb0f,SHARADAR_SEP_2017.csv(1).gz,cc507819b6e5b6aac8fc15bc99a7cfed78a5babb74ab88ad87ee971b8241a43f
SEP_2018_PIT_ONLY.csv.gz,1444181,15057491,ticker|date|volume|closeunadj,f5880f0ac8fe083295f9d208bd5a27a8d965404e22f12a4ee3b6f9fa0dd24a9a,SHARADAR_SEP_2018.csv(1).gz,6a36f002bb6ae3d6a939046859e6624aff78e49a0146a21bb8b4e3151b496273
SEP_2019_PIT_ONLY.csv.gz,1477344,15337555,ticker|date|volume|closeunadj,a495e61768347f331082c8303a63aa3ca3e07fa8d8b4cb633ace3958ad836f08,SHARADAR_SEP_2019.csv(1).gz,e4612a33a70c8259663e31110d11b0e9a59f23180ed3a68a01bb7b4edcdcf17a
SEP_2020_PIT_ONLY.csv.gz,1541141,16193565,ticker|date|volume|closeunadj,61d6a010382b100da139f3a6fb5c84a4f836f79543e4e7b8407bbc56e59ed8c4,SHARADAR_SEP_2020.csv(1).gz,1f9558ce26cf8f1d2c1551add9c2f60a41b080ab8d8c3c7a54c2a262566f2e02
SEP_2021_PIT_ONLY.csv.gz,1898353,19937244,ticker|date|volume|closeunadj,d9b73de02e57f9bd757173178097870a95eacbd73c744918d13f60d68a5a12a3,SHARADAR_SEP_2021.csv(1).gz,db0936c44d597d508c17bb962e105eee0be9928500389fcf382a0f379bf2a987
SEP_2022_PIT_ONLY.csv.gz,2080344,21804871,ticker|date|volume|closeunadj,9d7edbac290793416c3ea44c1d3d514d505176a4cf566c997da17cd2da5f805e,SHARADAR_SEP_2022.csv(1).gz,c4e19b7e193dadfb014ce14fa276e2237f741b2e0ff586973b75222504a13a55
SEP_2023_PIT_ONLY.csv.gz,1834432,19247470,ticker|date|volume|closeunadj,ab3ef1879aeb6fa36f04ce6e6912177dffeecaad60bc87fd8ede9ad3be59ab59,SHARADAR_SEP_2023.csv(1).gz,ff6e732f33c948e535a9c2d836339fad6aec6a2f3867cfc51abbe94ee24480d5
SEP_2024_PIT_ONLY.csv.gz,1647427,17536912,ticker|date|volume|closeunadj,e2f71371f6849b998c015f3fe4ad88e299a738330e9782ee467ebbdfa84450de,SHARADAR_SEP_2024.csv(1).gz,235891b9afa87ea4fd04e9a61e6a9d0b324ee7daf0a60da4381e413c8efcb2ae
SEP_2025_PIT_ONLY.csv.gz,1546375,16082621,ticker|date|volume|closeunadj,95065295efba4cc29fc1d6b7597827888543139445e99a07c5adf1c0c99abf9f,SHARADAR_SEP_2025.csv(1).gz,a467e89458a2287398af4de13150cb57b07cb5300e56b2dc9280197102fc05c4
SEP_2026_PIT_ONLY.csv.gz,910867,9179436,ticker|date|volume|closeunadj,7dc62fa05000c43be6d94fd4632ea14bbe2495797712443fed903ba89506f62f,SHARADAR_SEP_2026.csv(1).gz,a3870f8d5d92762eb4a6d9b875a712d47af6f7beb2cb5ede69caeba082bf0001
SFP_SPY_BIL_PIT_ONLY.csv.gz,12015,115922,ticker|date|volume|closeunadj,11eca6605598909fb9b6471ebe8d4d34e4a288dafa93b3c578b3a8f38cff1263,SHARADAR_SFP.zip,8d2ebf7485977d9c40ec379eb33bd9d36d39d69db13602e5c51862d03172400c
