ticker,company
A,AGILENT TECHNOLOGIES IN
AA,ALCOA INC
AAL,AMERICAN AIRLINES GROUP
AAMC,ALTISOURCE ASSET MGMT
AAN,AARONS INC
AAOI,APPLIED OPTOELECTRONICS
AAON,AAON INC
AAP,ADVANCE AUTO PARTS INC
AAPL,APPLE INC
AAT,AMERICAN ASSETS TRST IN
AAWW,ATLAS AIR WORLDWIDE HLD
ABAX,ABAXIS INC
ABBV,ABBVIE INC
ABC,AMERISOURCEBERGEN CORP
ABCB,AMERIS BANCORP
ABCO,ADVISORY BOARD CO
ABG,ASBURY AUTOMOTIVE GROUP
ABM,ABM INDUSTRIES INC
ABMD,ABIOMED INC
ABT,ABBOTT LABORATORIES
ACAD,ACADIA PHARMACEUTICALS
ACAT,ARCTIC CAT INC
ACC,AMERICAN CAMPUS COMMUN
ACCO,ACCO BRANDS CORP
ACE,ACE LTD
ACET,ACETO CORP
ACGL,ARCH CAP GROUP LTD
ACHC,ACADIA HEALTHCARE CO
ACHN,ACHILLION PHARM
ACI,ARCH COAL INC
ACIW,ACI WORLDWIDE INC
ACLS,AXCELIS TECHNOLOGIES IN
ACM,AECOM TECHNOLOGY CORP D
ACN,ACCENTURE PLC IRELAND
ACOR,ACORDA THERAPEUTICS INC
ACRE,ARES COML REAL ESTATE
ACRX,ACELRX PHARMACEUTICALS
ACT,ACTAVIS PLC
ACTG,ACACIA RESEARCH CORP
ACW,ACCURIDE CORP NEW
ACXM,ACXIOM CORP
ADBE,ADOBE SYSTEMS INC
ADC,AGREE REALTY CORP
ADES,ADVANCED EMISSIONS INC
ADI,ANALOG DEVICES INC
ADM,ARCHER DANIELS MIDLAND
ADMS,ADAMAS PHARMACEUTICALS
ADNC,AUDIENCE INC
ADP,AUTOMATIC DATA PROCESS
ADS,ALLIANCE DATA SYSTEMS
ADSK,AUTODESK INC
ADT,ADT CORPORATION
ADTN,ADTRAN INC
ADUS,ADDUS HOMECARE CORP
ADVS,ADVENT SOFTWARE INC
AE,ADAMS RESOURCES & ENERG
AEC,ASSOCIATED ESTATES RLTY
AEE,AMEREN CORP
AEGN,AEGION CORP
AEGR,AEGERION PHARM INC
AEIS,ADVANCED ENERGY INDS IN
AEL,AMERICAN EQUITY INVST
AEO,AMERICAN EAGLE OUTFITTE
AEP,AMERICAN ELECTRIC POWER
AEPI,AEP INDUSTRIES INC
AERI,AERIE PHARMACEUTICALS
AES,AES CORP
AET,AETNA INC
AF,ASTORIA FINANCIAL CORP
AFAM,ALMOST FAMILY INC
AFFX,AFFYMETRIX INC
AFG,AMERICAN FINANCIAL GROU
AFH,ATLAS FINANCIAL HOLDING
AFL,AFLAC INC
AFOP,ALLIANCE FIBER OPTIC
AFSI,AMTRUST FINL SVCS
AGCO,AGCO CORP
AGEN,AGENUS INC
AGII,ARGO GROUP INTL
AGIO,AGIOS PHARMACEUTICALS
AGM,FEDERAL AGRIC MTG CO
AGN,ALLERGAN INC
AGNC,AMERICAN CAPITAL AGENCY
AGO,ASSURED GUARANTY LTD
AGTC,APPLIED GENETIC TECH
AGX,ARGAN INC
AGYS,AGILYSYS INC
AHC,A H BELO CORP
AHH,ARMADA HOFFLER PPTYS IN
AHL,ASPEN INSURANCE HOLDING
AHP,ASHFORD HOSP PRIME
AHS,AMN HEALTHCARE SERVICES
AHT,ASHFORD HOSPITALITY
AI,ARLINGTON ASSET INVT
AIG,AMERICAN INTL GROUP
AIMC,ALTRA INDUSTRIAL MOTION
AIN,ALBANY INTERNATIONAL
AIQ,ALLIANCE HEALTHCARE SVC
AIR,AAR CORP
AIRM,AIR METHODS CORP
AIT,APPLIED INDUSTRIAL TECH
AIV,APARTMENT INVT & MGMT
AIZ,ASSURANT INC
AJG,GALLAGHER ARTHUR J & CO
AKAM,AKAMAI TECHNOLOGIES
AKAO,ACHAOGEN INC
AKBA,AKEBIA THERAPEUTICS INC
AKR,ACADIA REALTY TRUST
AKRX,AKORN INC
AKS,AK STEEL HOLDING CORP
AL,AIR LEASE CORP
ALB,ALBEMARLE CORP
ALCO,ALICO INC
ALDR,ALDER BIOPHARMACEUTICAL
ALE,ALLETE INC
ALEX,ALEXANDER & BALDWIN INC
ALG,ALAMO GROUP INC
ALGN,ALIGN TECHNOLOGY INC
ALGT,ALLEGIANT TRAVEL CO
ALIM,ALIMERA SCIENCES INC
ALJ,ALON USA ENERGY INC
ALK,ALASKA AIR GROUP INC
ALKS,ALKERMES PLC
ALL,ALLSTATE CORP
ALLE,ALLEGION PLC
ALLY,ALLY FINL INC
ALNY,ALNYLAM PHARMACEUTICALS
ALOG,ANALOGIC CORP
ALR,ALERE INC
ALSN,ALLISON TRANSMISSION
ALTR,ALTERA CORP
ALX,ALEXANDERS INC
ALXN,ALEXION PHARMACEUTICALS
AMAG,AMAG PHARMACEUTICALS IN
AMAT,APPLIED MATLS INC
AMBA,AMBARELLA INC
AMBC,AMBAC FINL GROUP INC
AMBR,AMBER RD INC
AMC,AMC ENTERTAINMENT
AMCC,APPLIED MICRO CIRCUITS
AMCX,AMC NETWORKS INC
AMD,ADVANCED MICRO DEVICES
AME,AMETEK INC
AMED,AMEDISYS INC
AMG,AFFILIATED MANAGERS GRP
AMGN,AMGEN INC
AMH,AMERICAN HOMES 4 RENT
AMKR,AMKOR TECHNOLOGY INC
AMNB,AMERICAN NATL BANKSHARE
AMP,AMERIPRISE FINANCIAL IN
AMPE,AMPIO PHARMACEUTICALS
AMRC,AMERESCO INC
AMRE,AMREIT INC
AMRI,ALBANY MOLECULAR RESRCH
AMRS,AMYRIS INC
AMSF,AMERISAFE INC
AMSG,AMSURG CORP
AMSWA,AMERICAN SOFTWARE INC
AMT,AMERICAN TOWER CORP
AMTD,TD AMERITRADE HOLDING
AMTG,APOLLO RESIDENTIAL MTG
AMWD,AMERICAN WOODMARK CORP
AMZG,AMERICAN EAGLE ENERGY
AMZN,AMAZON COM INC
AN,AUTONATION INC
ANAC,ANACOR PHARM INC
ANAT,AMERICAN NATIONAL INS C
ANDE,ANDERSONS INC
ANF,ABERCROMBIE & FITCH
ANGI,ANGIES LIST INC
ANGO,ANGIODYNAMICS INC
ANH,ANWORTH MORTGAGE ASSET
ANIK,ANIKA THERAPEUTICS INC
ANIP,ANI PHARMACEUTICALS INC
ANN,ANN INC
ANR,ALPHA NATURAL RESOURCES
ANSS,ANSYS INC
ANV,ALLIED NEVADA GOLD CORP
AOI,ALLIANCE ONE INTL INC
AOL,AOL INC
AON,AON PLC
AOS,SMITH A O CORP
AOSL,ALPHA & OMEGA SEMICON
AP,AMPCO-PITTSBURGH CORP
APA,APACHE CORP
APAGF,APCO OIL & GAS INTL INC
APAM,ARTISAN PARTNERS ASSET
APC,ANADARKO PETROLEUM CORP
APD,AIR PRODS & CHEMS INC
APEI,AMER PUBLIC EDUCATION
APH,AMPHENOL CORP
APOG,APOGEE ENTERPRISES INC
APOL,APOLLO EDUCATION GROUP
AR,ANTERO RESOURCES CO
ARAY,ACCURAY INC
ARC,ARC DOCUMENT SOLUTIONS
ARCB,ARCBEST CORPORATION
ARCP,AMERICAN REALTY CAPITAL
ARCW,ARC GROUP WORLDWIDE INC
ARE,ALEXANDRIA REAL ESTATE
AREX,APPROACH RESOURCES INC
ARG,AIRGAS INC
ARI,APOLLO COMMERCIAL RE
ARIA,ARIAD PHARMACEUTICALS
ARII,AMERICAN RAILCAR IND
ARMK,ARAMARK
ARNA,ARENA PHARMACEUTICALS
ARO,AEROPOSTALE INC
AROW,ARROW FINANCIAL CORP
ARPI,AMERICAN RESIDENTIAL PP
ARR,ARMOUR RESIDENTIAL REIT
ARRS,ARRIS GROUP INC
ARRY,ARRAY BIOPHARMA INC
ARTNA,ARTESIAN RESOURCES CORP
ARUN,ARUBA NETWORKS INC
ARW,ARROW ELECTRONICS INC
ARWR,ARROWHEAD RESH CORP
ARX,AEROFLEX HLDG CORP
ASBC,ASSOCIATED BANC CORP
ASC,ARDMORE SHIPPING CORP
ASCMA,ASCENT CAPITAL GROUP IN
ASEI,AMERICAN SCIENCE & ENGR
ASGN,ON ASSIGNMENT INC
ASH,ASHLAND INC
ASNA,ASCENA RETAIL GROUP INC
ASPS,ALTISOURCE PORTFOLIO
ASPX,AUSPEX PHARMACEUTICALS
ASTE,ASTEC INDUSTRIES INC
AT,ATLANTIC PWR CORP
ATEN,A10 NETWORKS INC
ATHL,ATHLON ENERGY INC
ATHN,ATHENAHEALTH INC
ATI,ALLEGHENY TECHNOLOGIES
ATK,ALLIANT TECHSYSTEMS
ATLO,AMES NATL CORP
ATML,ATMEL CORP
ATNI,ATLANTIC TELE-NETWORK
ATNM,ACTINIUM PHARMACEUTICAL
ATO,ATMOS ENERGY CORP
ATR,APTARGROUP INC
ATRC,ATRICURE INC
ATRI,ATRION CORP
ATRO,ASTRONICS CORP
ATRS,ANTARES PHARMA INC
ATSG,AIR TRANSPORT SERVICES
ATU,ACTUANT CORP
ATVI,ACTIVISION BLIZZARD INC
ATW,ATWOOD OCEANICS INC
AUXL,AUXILIUM PHARMACEUTICAL
AVA,AVISTA CORP
AVAV,AEROVIRONMENT INC
AVB,AVALONBAY CMNTYS INC
AVD,AMERICAN VANGUARD CORP
AVG,AVG TECHNOLOGIES NV
AVGO,AVAGO TECHNOLOGIES LTD
AVHI,A V HOMES INC
AVIV,AVIV REIT INC MD
AVNR,AVANIR PHARMACEUTICALS
AVP,AVON PRODUCTS INC
AVT,AVNET INC
AVX,AVX CORP
AVY,AVERY DENNISON CORP
AWAY,HOMEAWAY INC
AWH,ALLIED WRLD ASSUR COM
AWI,ARMSTRONG WORLD INDS IN
AWK,AMERICAN WTR WKS CO INC
AWR,AMERICAN STATES WATER C
AXAS,ABRAXAS PETE CORP
AXDX,ACCELERATE DIAGNOSTICS
AXE,ANIXTER INTERNATIONAL
AXL,AMERICAN AXLE & MFG
AXLL,AXIALL CORP
AXP,AMERICAN EXPRESS CO
AXS,AXIS CAPITAL HOLDINGS
AYI,ACUITY BRANDS INC
AYR,AIRCASTLE LTD
AZO,AUTOZONE INC
AZPN,ASPEN TECHNOLOGY INC
AZZ,AZZ INC
B,BARNES GROUP INC
BA,BOEING CO
BABY,NATUS MEDICAL INC
BAC,BANK OF AMERICA CORP
BAGL,EINSTEIN NOAH REST GROU
BAH,BOOZ ALLEN HAMILTON HLD
BALT,BALTIC TRADING LIMITED
BANC,BANC OF CALIFORNIA INC
BANF,BANCFIRST CORP
BANR,BANNER CORP
BAS,BASIC ENERGY SERVICES
BAX,BAXTER INTERNATIONAL IN
BBBY,BED BATH & BEYOND INC
BBCN,BBCN BANCORP INC
BBG,BILL BARRETT CORP
BBNK,BRIDGE CAPITAL HOLDINGS
BBOX,BLACK BOX CORP
BBRG,BRAVO BRIO RESTAURANT G
BBSI,BARRETT BUSINESS SERVIC
BBT,BB&T CORP
BBW,BUILD A BEAR WORKSHOP
BBX,BBX CAPITAL CORPORATION
BBY,BEST BUY INC
BC,BRUNSWICK CORP
BCC,BOISE CASCADE COMPANY
BCEI,BONANZA CREEK ENER INC
BCO,BRINKS CO
BCOR,BLUCORA INC
BCOV,BRIGHTCOVE INC
BCPC,BALCHEM CORP
BCR,BARD C R INC
BCRX,BIOCRYST PHARMACEUTICAL
BDBD,BOULDER BRANDS INC
BDC,BELDEN INC
BDE,BLACK DIAMOND INC
BDGE,BRIDGE BANCORP INC
BDN,BRANDYWINE REALTY TRUST
BDSI,BIODELIVERY SCIENCES
BDX,BECTON DICKINSON & CO
BEAT,BIOTELEMETRY INC
BEAV,BE AEROSPACE INC
BEBE,BEBE STORES INC
BECN,BEACON ROOFING SUPPLY
BEE,STRATEGIC HOTEL & RESOR
BELFB,BEL FUSE INC
BEN,FRANKLIN RESOURCES INC
BERY,BERRY PLASTICS GROUP
BF.B,BROWN FORMAN CORP
BFAM,BRIGHT HORIZON FAMILY
BFIN,BANKFINANCIAL CORP
BFS,SAUL CENTERS INC
BG,BUNGE LIMITED
BGC,GENERAL CABLE CORP
BGCP,BGC PARTNERS INC
BGFV,BIG 5 SPORTING GOODS
BGG,BRIGGS & STRATTON CO
BGS,B & G FOODS INC
BH,BIGLARI HOLDINGS INC
BHE,BENCHMARK ELECTRONICS
BHI,BAKER HUGHES INC
BHLB,BERKSHIRE HILLS BANCORP
BID,SOTHEBYS
BIG,BIG LOTS INC
BIIB,BIOGEN IDEC INC
BIO,BIO-RAD LABORATORIES IN
BIOS,BIOSCRIP INC
BIRT,ACTUATE CORP
BJRI,BJS RESTAURANTS INC
BK,BANK OF NEW YORK MELLON
BKD,BROOKDALE SENIOR LIVING
BKE,BUCKLE INC
BKH,BLACK HILLS CORP
BKMU,BANK MUTUAL CORP
BKS,BARNES & NOBLE INC
BKU,BANKUNITED INC
BKW,BURGER KING WORLDWIDE
BKYF,BANK KY FINL CORP
BLDR,BUILDERS FIRSTSOURCE IN
BLK,BLACKROCK INC
BLKB,BLACKBAUD INC
BLL,BALL CORP
BLMN,BLOOMIN' BRANDS INC
BLOX,INFOBLOX INC
BLT,BLOUNT INTERNATIONAL IN
BLUE,BLUEBIRD BIO INC
BLX,BANCO LATINOAMERICANO
BMI,BADGER METER INC
BMR,BIOMED REALTY TRUST INC
BMRC,BANK OF MARIN BANCORP
BMRN,BIOMARIN PHARMACEUTICAL
BMS,BEMIS INC
BMTC,BRYN MAWR BANK CORP
BMY,BRISTOL MYERS SQUIBB
BNCL,BENEFICIAL MUTUAL INC
BNCN,BNC BANCORP
BNFT,BENEFITFOCUS INC
BNNY,ANNIES INC
BOBE,BOB EVANS FARMS INC
BOFI,BOFI HLDG INC
BOH,BANK OF HAWAII CORP
BOKF,BOK FINANCIAL CORP
BONT,BON-TON STORES INC
BOOM,DYNAMIC MATERIALS CORP
BPFH,BOSTON PRIVATE FINANCIA
BPI,BRIDGEPOINT ED INC
BPOP,POPULAR INC
BPTH,BIO PATH HOLDINGS INC
BPZ,BPZ RESOURCES INC
BR,BROADRIDGE FINANCIAL IN
BRC,BRADY CORP
BRCD,BROCADE COMMUNICATIONS
BRCM,BROADCOM CORP
BRDR,BORDERFREE INC
BREW,CRAFT BREW ALLIANCE
BRK.B,BERKSHIRE HATHAWAY INC
BRKL,BROOKLINE BANCORP INC
BRKR,BRUKER CORP
BRKS,BROOKS AUTOMATION INC
BRLI,BIO-REFERENCE LABS INC
BRO,BROWN & BROWN INC
BRS,BRISTOW GROUP INC
BRSS,GLOBAL BRASS & COPPR HL
BRX,BRIXMOR PROPERTY GROUP
BSFT,BROADSOFT INC
BSRR,SIERRA BANCORP
BSTC,BIOSPECIFICS TECHNO COR
BSX,BOSTON SCIENTIFIC CO
BTU,PEABODY ENERGY CORP
BTX,BIOTIME INC
BURL,BURLINGTON STORES INC
BUSE,FIRST BUSEY CORP
BV,BAZAARVOICE INC
BWA,BORG WARNER INC
BWC,BABCOCK & WILCOX COMPAN
BWINB,BALDWIN & LYONS INC
BWLD,BUFFALO WILD WINGS INC
BWS,BROWN SHOE INC
BXP,BOSTON PROPERTIES INC
BXS,BANCORPSOUTH INC
BYD,BOYD GAMING CORP
BYI,BALLY TECHNOLOGIES INC
BZH,BEAZER HOMES USA INC
C,CITIGROUP INC
CA,CA INC
CAB,CABELAS INC
CAC,CAMDEN NATIONAL CORP
CACB,CASCADE BANCORP
CACC,CREDIT ACCEP CORP MICH
CACI,CACI INTERNATIONAL INC
CACQ,CAESARS ACQUISITION CO
CAG,CONAGRA FOODS INC
CAH,CARDINAL HEALTH INC
CAKE,CHEESECAKE FACTORY INC
CALD,CALLIDUS SOFTWARE INC
CALL,MAGICJACK VOCALTEC LTD
CALM,CAL MAINE FOODS INC
CALX,CALIX INC
CAM,CAMERON INTL CORP
CAMP,CALAMP CORP
CAP,CAI INTERNATIONAL INC
CAR,AVIS BUDGET GROUP INC
CARA,CARA THERAPEUTICS INC
CARB,CARBONITE INC
CAS,CASTLE A M & CO
CASH,META FINANCIAL GROUP IN
CASS,CASS INFORMATION SYSTEM
CASY,CASEYS GENERAL STORES
CAT,CATERPILLAR INC
CATM,CARDTRONICS INC
CATO,CATO CORP
CATY,CATHAY GENERAL BANCORP
CAVM,CAVIUM INC
CB,CHUBB CORP
CBB,CINCINNATI BELL INC
CBEY,CBEYOND INC
CBF,CAPITAL BANK FINANCIAL
CBG,CBRE GROUP INC
CBI,CHICAGO BRIDGE & IRON
CBK,CHRISTOPHER & BANKS COR
CBL,CBL & ASSOC PPTYS INC
CBM,CAMBREX CORP
CBOE,CBOE HLDGS INC
CBPX,CONTINENTAL BLDG PRODS
CBR,CIBER INC
CBRL,CRACKER BARREL STORE
CBS,CBS CORPORATION
CBSH,COMMERCE BANCSHARES INC
CBSO,CBS OUTDOOR AMERS INC
CBST,CUBIST PHARMACEUTICALS
CBT,CABOT CORP
CBU,COMMUNITY BANK SYSTEMS
CBZ,CBIZ INC
CCBG,CAPITAL CITY BANK GROUP
CCC,CALGON CARBON CORP
CCE,COCA COLA ENTERPRISE
CCF,CHASE CORP
CCG,CAMPUS CREST CMNTYS INC
CCI,CROWN CASTLE INTL CORP
CCK,CROWN HOLDINGS INC
CCL,CARNIVAL CORP
CCMP,CABOT MICROELECTRONICS
CCNE,CNB FINL CORP PA
CCO,CLEAR CHANNEL OUTDOOR
CCOI,COGENT COMM HOLDINGS
CCRN,CROSS COUNTRY HEALTHCAR
CCXI,CHEMOCENTRYX INC
CDE,COEUR MINING INC
CDI,CDI CORP
CDNS,CADENCE DESIGN SYSTEMS
CDR,CEDAR REALTY TRUST INC
CDW,CDW CORPORATION
CE,CELANESE CORP
CEB,CORPORATE EXECUTIVE
CECE,CECO ENVIRONMENTAL CORP
CECO,CAREER EDUCATION CORP
CELG,CELGENE CORP
CEMP,CEMPRA INC
CENTA,CENTRAL GARDEN & PET CO
CENX,CENTURY ALUMINUM CO
CERN,CERNER CORP
CERS,CERUS CORP
CETV,CENTRAL EUROPEAN MEDIA
CEVA,CEVA INC
CF,CF INDUSTRIES HOLDINGS
CFFN,CAPITOL FEDERAL FINL IN
CFI,CULP INC
CFN,CAREFUSION CORP
CFNL,CARDINAL FINANCIAL CORP
CFR,CULLEN FROST BANKERS
CFX,COLFAX CORP
CGI,CELADON GROUP INC
CGNX,COGNEX CORP
CHCO,CITY HOLDING CO
CHD,CHURCH & DWIGHT INC
CHDN,CHURCHILL DOWNS INC
CHDX,CHINDEX INTERNATIONAL
CHE,CHEMED CORPORATION
CHEF,CHEFS' WHAREHOUSE INC
CHFC,CHEMICAL FINANCIAL CORP
CHFN,CHARTER FINL CORP WEST
CHGG,CHEGG INC
CHH,CHOICE HOTELS INTL INC
CHK,CHESAPEAKE ENERGY CORP
CHMT,CHEMTURA CORP
CHRW,C H ROBINSON WORLDWIDE
CHS,CHICOS FAS INC
CHSP,CHESAPEAKE LODGING TRUS
CHTR,CHARTER COMM INC
CHUY,CHUY'S HOLDINGS INC
CI,CIGNA CORP
CIA,CITIZENS INC
CIDM,CINEDIGM CORP
CIE,COBALT INTL ENERGY
CIEN,CIENA CORP
CIFC,CIFC CORP
CIM,CHIMERA INVESTMENT CORP
CINF,CINCINNATI FINANCIAL
CIR,CIRCOR INTERNATIONAL IN
CIT,CIT GROUP INC
CJES,C&J ENERGY SERVICES INC
CKEC,CARMIKE CINEMAS INC
CKH,SEACOR HOLDINGS INC
CKP,CHECKPOINT SYSTEMS INC
CL,COLGATE PALMOLIVE CO
CLC,CLARCOR INC
CLCT,COLLECTORS UNIVERSE INC
CLD,CLOUD PEAK ENERGY INC
CLDT,CHATHAM LODGING TR
CLDX,CELLDEX THERAPEUTICS IN
CLF,CLIFFS NATURAL RESOURCE
CLFD,CLEARFIELD INC
CLGX,CORELOGIC INC
CLH,CLEAN HARBORS INC
CLI,MACK CALI REALTY CORP
CLMS,CALAMOS ASSET MGMT INC
CLNE,CLEAN ENERGY FUELS CORP
CLNY,COLONY FINANCIAL INC
CLR,CONTINENTAL RESOURCES I
CLVS,CLOVIS ONCOLOGY INC
CLW,CLEARWATER PAPER CORP
CLX,CLOROX CO
CMA,COMERICA INC
CMC,COMMERCIAL METALS CO
CMCO,COLUMBUS MCKINNON CORP
CMCSA,COMCAST CORP
CME,CME GROUP INC
CMG,CHIPOTLE MEXICAN GRILL
CMI,CUMMINS INC
CMLS,CUMULUS MEDIA INC
CMN,CANTEL MEDICAL CORP
CMO,CAPSTEAD MORTGAGE CORP
CMP,COMPASS MINERALS INTL
CMRX,CHIMERIX INC
CMS,CMS ENERGY CORP
CMTL,COMTECH TELECOMM
CNA,CNA FINANCIAL CORP
CNBC,CENTER BANCORP INC
CNBKA,CENTURY BANCORP INC
CNC,CENTENE CORP
CNK,CINEMARK HOLDINGS INC
CNL,CLECO CORP
CNMD,CONMED CORP
CNO,CNO FINANCIAL GROUP
CNOB,CONNECTONE BANCORP INC
CNP,CENTERPOINT ENERGY INC
CNQR,CONCUR TECHNOLOGIES INC
CNS,COHEN & STEERS INC
CNSI,COMVERSE INC
CNSL,CONSOLIDATED COMM
CNVR,CONVERSANT INC
CNW,CON-WAY INC
CNX,CONSOL ENERGY INC
COB,COMMUNITYONE BANCORP
COBZ,COBIZ FINANCIAL INC
CODE,SPANSION INC
COF,CAPITAL ONE FINANCIAL
COG,CABOT OIL & GAS CORP
COH,COACH INC
COHR,COHERENT INC
COHU,COHU INC
COKE,COCA COLA BOTTLING
COL,ROCKWELL COLLINS INC
COLB,COLUMBIA BKG SYSTEM INC
COLM,COLUMBIA SPORTSWEAR CO
COMM,COMMSCOPE HOLDING CO
CONE,CYRUSONE INC
CONN,CONNS INC
COO,COOPER COMPANIES INC
COP,CONOCOPHILLIPS
COR,CORESITE REALTY CORP
CORE,CORE MARK HOLDING CO IN
CORR,CORENERGY INFRASTRUCT
CORT,CORCEPT THERAPEUTICS IN
COST,COSTCO WHOLESALE CORP
COTY,COTY INC
COUP,COUPONS COM INC
COV,COVIDIEN PLC
COVS,COVISINT CORPORATION
COWN,COWEN GROUP INC
CPA,COPA HOLDINGS SA
CPB,CAMPBELL SOUP CO
CPE,CALLON PETROLEUM CO
CPF,CENTRAL PACIFIC FINL
CPHD,CEPHEID INC
CPK,CHESAPEAKE UTILITIES
CPLA,CAPELLA EDUCATION CO
CPN,CALPINE CORP
CPRT,COPART INC
CPS,COOPER STD HLDGS INC
CPSI,COMPUTER PROGRAMS & SYS
CPSS,CONSUMER PORTFOLIO SVCS
CPST,CAPSTONE TURBINE CORP
CPT,CAMDEN PROPERTY TRUST
CPWR,COMPUWARE CORP
CQB,CHIQUITA BRANDS INTL IN
CR,CRANE CO
CRAI,CRA INTERNATIONAL INC
CRAY,CRAY INC
CRCM,CARE.COM INC
CRD.B,CRAWFORD & CO
CREE,CREE INC
CRI,CARTER INC
CRK,COMSTOCK RESOURCES INC
CRL,CHARLES RIVER LABS INTL
CRM,SALESFORCE COM INC
CRMT,AMERICAS CAR-MART INC
CROX,CROCS INC
CRR,CARBO CERAMICS INC
CRRS,CORP RES SVCS INC
CRS,CARPENTER TECHNOLOGY
CRUS,CIRRUS LOGIC INC
CRVL,CORVEL CORP
CRWN,CROWN MEDIA HOLDINGS IN
CRY,CRYOLIFE INC
CRZO,CARRIZO OIL & GAS INC
CSBK,CLIFTON BANCORP INC
CSC,COMPUTER SCIENCES CORP
CSCD,CASCADE MICROTECH INC
CSCO,CISCO SYSTEMS INC
CSFL,CENTERSTATE BANKS INC
CSG,CHAMBERS STR PPTYS
CSGP,COSTAR GROUP INC
CSGS,CSG SYSTEMS INTL INC
CSH,CASH AMERICA INTL INC
CSII,CARDIOVASCULAR SYS INC
CSL,CARLISLE COS INC
CSLT,CASTLIGHT HEALTH INC
CSOD,CORNERSTONE ONDEMAND IN
CSS,CSS INDUSTRIES INC
CST,CST BRANDS INC
CSU,CAPITAL SENIOR LIVING
CSV,CARRIAGE SERVICES INC
CSX,CSX CORP
CTAS,CINTAS CORP
CTB,COOPER TIRE & RUBBER CO
CTBI,COMMUNITY TRUST BANCORP
CTCT,CONSTANT CONTACT INC
CTG,COMPUTER TASK GROUP INC
CTIC,CTI BIOPHARMA CORP
CTL,CENTURYLINK INC
CTO,CONSOLIDATED TOMOKA LAN
CTRE,CARETRUST REIT INC
CTRL,CONTROL4 CORPORATION
CTRN,CITI TRENDS INC
CTRX,CATAMARAN CORPORATION
CTS,CTS CORP
CTSH,COGNIZANT TECH SOLUTION
CTT,CATCHMARK TIMBER TRUST
CTWS,CONNECTICUT WATER SVC
CTXS,CITRIX SYSTEMS INC
CUB,CUBIC CORP
CUBE,CUBESMART
CUBI,CUSTOMERS BANCORP INC
CUDA,BARRACUDA NETWORKS INC
CUI,CUI GLOBAL INC
CUNB,CU BANCORP CALIF
CUR,NEURALSTEM INC
CUZ,COUSINS PROPERTIES INC
CVA,COVANTA HOLDING CORP
CVBF,CVB FINANCIAL CORP
CVC,CABLEVISION SYSTEMS COR
CVCO,CAVCO INDUSTRIES INC
CVD,COVANCE INC
CVEO,CIVEO CORP
CVG,CONVERGYS CORP
CVGI,COMMERCIAL VEH GROUP IN
CVGW,CALAVO GROWERS INC
CVI,CVR ENERGY INC
CVLT,COMMVAULT SYSTEMS INC
CVO,CENVEO INC
CVS,CVS/CAREMARK CORP
CVT,CVENT INC
CVX,CHEVRON CORP
CW,CURTISS WRIGHT CORP
CWEI,WILLIAMS CLAYTON ENERGY
CWH,COMMONWEALTH REIT
CWST,CASELLA WASTE SYSTEMS
CWT,CALIFORNIA WTR SVC GRP
CXO,CONCHO RESOURCES INC
CXP,COLUMBIA PPTY TR INC
CXW,CORRECTIONS CORP OF AME
CY,CYPRESS SEMICONDUCTOR
CYBX,CYBERONICS INC
CYH,COMMUNITY HEALTH SYSTEM
CYN,CITY NATIONAL CORP
CYNI,CYAN INC
CYNO,CYNOSURE INC
CYS,CYS INVESTMENTS INC
CYT,CYTEC INDUSTRIES INC
CYTK,CYTOKINETICS INC
CYTR,CYTRX CORP
CYTX,CYTORI THERAPEUTICS INC
CZNC,CITIZENS & NORTHERN COR
CZR,CAESARS ENTMT CORP
D,DOMINION RESOURCES INC
DAKT,DAKTRONICS INC
DAL,DELTA AIR LINES INC DEL
DAN,DANA HOLDING CORP
DAR,DARLING INGREDIENTS INC
DATA,TABLEAU SOFTWARE INC
DAVE,FAMOUS DAVES OF AMERICA
DBD,DIEBOLD INC
DCI,DONALDSON INC
DCO,DUCOMMUN INC
DCOM,DIME CMNTY BANCSHARES
DCT,DCT INDUSTRIAL TRUST IN
DD,DU PONT E I DE NEMOURS
DDD,3D SYSTEMS CORP
DDR,DDR CORP
DDS,DILLARDS INC
DE,DEERE & CO
DECK,DECKERS OUTDOOR CORP
DEI,DOUGLAS EMMETT INC
DEL,DELTIC TIMBER CORP
DENN,DENNYS CORP
DEPO,DEPOMED INC
DEST,DESTINATION MATERNITY
DF,DEAN FOODS COMPANY
DFRG,DEL FRISCOS RESTAURANT
DFS,DISCOVER FINANCIAL SRVC
DFT,DUPONT FABROS TECHNOLOG
DFZ,BARRY R G CORP OHIO
DG,DOLLAR GENERAL CORP
DGI,DIGITALGLOBE INC
DGICA,DONEGAL GROUP INC
DGII,DIGI INTL INC
DGX,QUEST DIAGNOSTICS INC
DHI,D R HORTON INC
DHIL,DIAMOND HILL INVESTMENT
DHR,DANAHER CORP
DHT,DHT HOLDINGS INC
DHX,DICE HOLDINGS INC
DIN,DINEEQUITY INC
DIOD,DIODES INC
DIS,DISNEY WALT CO
DISCA,DISCOVERY COMMUNICATNS
DISH,DISH NETWORK CORP
DJCO,DAILY JOURNAL CORP
DK,DELEK US HLDGS INC
DKS,DICKS SPORTING GOODS IN
DLB,DOLBY LABORATORIES INC
DLR,DIGITAL REALTY TRUST IN
DLTR,DOLLAR TREE INC
DLX,DELUXE CORP
DMD,DEMAND MEDIA INC
DMND,DIAMOND FOODS INC
DMRC,DIGIMARC CORPORATION
DNB,DUN & BRADSTREET CORP
DNDN,DENDREON CORP
DNKN,DUNKIN BRANDS GROUP INC
DNOW,NOW INC
DNR,DENBURY RESOURCES INC
DO,DIAMOND OFFSHR DRILLING
DOC,PHYSICIANS REALTY TRUST
DOOR,MASONITE INTL CORP NEW
DORM,DORMAN PRODUCTS INC
DOV,DOVER CORP
DOW,DOW CHEMICAL CO
DOX,AMDOCS LTD
DPS,DR PEPPER SNAPPLE GROUP
DPZ,DOMINOS PIZZA INC
DRC,DRESSER-RAND GROUP INC
DRE,DUKE REALTY CORP
DRH,DIAMONDROCK HOSPITALITY
DRI,DARDEN RESTAURANTS INC
DRII,DIAMOND RESORTS INT INC
DRIV,DIGITAL RIVER INC
DRNA,DICERNA PHARMACEUTICALS
DRQ,DRIL-QUIP INC
DRTX,DURATA THERAPEUTICS INC
DSCI,DERMA SCIENCES INC
DSPG,DSP GROUP INC
DST,DST SYSTEMS INC
DSW,DSW INC
DTE,DTE ENERGY CO
DTLK,DATALINK CORP
DTSI,DTS INC
DTV,DIRECTV
DUK,DUKE ENERGY CORP
DV,DEVRY EDUCATION GROUP
DVA,DAVITA HEALTHCARE PTNRS
DVAX,DYNAVAX TECHNOLOGIES
DVN,DEVON ENERGY CORP
DW,DREW INDUSTRIES INC
DWA,DREAMWORKS ANIMATION SK
DWRE,DEMANDWARE INC
DWSN,DAWSON GEOPHYSICAL CO
DX,DYNEX CAPITAL INC
DXCM,DEXCOM INC
DXLG,DESTINATION XL GRP INC
DXM,DEX MEDIA INC NEW
DXPE,DXP ENTERPRISES INC NEW
DXYN,DIXIE GROUP INC
DY,DYCOM INDUSTRIES INC
DYAX,DYAX CORP
DYN,DYNEGY INC NEW DEL
EA,ELECTRONIC ARTS INC
EAC,ERICKSON INCORPORATED
EAT,BRINKER INTERNATIONAL
EBAY,EBAY INC
EBF,ENNIS INC
EBIO,ELEVEN BIOTHERAPEUTICS
EBIX,EBIX INC
EBS,EMERGENT BIOSOLUTIONS
EBSB,MERIDIAN INTERSTATE
EBTC,ENTERPRISE BANCORP INC
ECHO,ECHO GLOBAL LOGISTICS
ECL,ECOLAB INC
ECOL,US ECOLOGY INC
ECOM,CHANNELADVISOR CORP
ECPG,ENCORE CAPITAL GROUP IN
ECYT,ENDOCYTE INC
ED,CONSOLIDATED EDISON INC
EDE,EMPIRE DISTRICT ELECTRI
EDMC,EDUCATION MGMT CORP
EDR,EDUCATION REALTY TRUST
EE,EL PASO ELECTRIC CO
EEFT,EURONET WORLDWIDE INC
EFII,ELECTRONICS FOR IMAGING
EFSC,ENTERPRISE FINL SERVICE
EFX,EQUIFAX INC
EGBN,EAGLE BANCORP INC
EGHT,8X8 INC NEW
EGL,ENGILITY HOLDINGS INC
EGLT,EGALET CORPORATION
EGN,ENERGEN CORP
EGOV,NIC INC
EGP,EASTGROUP PROPERTIES IN
EGY,VAALCO ENERGY INC
EHTH,EHEALTH INC
EIG,EMPLOYERS HOLDINGS INC
EIGI,ENDURANCE INTERNATIONAL
EIX,EDISON INTERNATIONAL
EL,ESTEE LAUDER COMPANIES
ELGX,ENDOLOGIX INC
ELLI,ELLIE MAE INC
ELNK,EARTHLINK HOLDINGS CORP
ELRC,ELECTRO RENT CORP
ELS,EQUITY LIFESTYLE PROP
ELX,EMULEX CORP
ELY,CALLAWAY GOLF CO
EMC,E M C CORP
EMCI,EMC INS GROUP INC
EME,EMCOR GROUP INC
EMN,EASTMAN CHEMICAL CO
EMR,EMERSON ELECTRIC CO
ENDP,ENDO INTERNATIONAL PLC
ENH,ENDURANCE SPECIALTY HLD
ENOC,ENERNOC INC
ENPH,ENPHASE ENERGY INC
ENR,ENERGIZER HOLDINGS INC
ENS,ENERSYS INC
ENSG,ENSIGN GROUP INC
ENT,GLOBAL EAGLE ENTMT INC
ENTA,ENANTA PHARMACEUTICALS
ENTG,ENTEGRIS INC
ENTR,ENTROPIC COMMUNICATIONS
ENV,ENVESTNET INC
ENVE,ENVENTIS CORPORATION
ENZ,ENZO BIOCHEM INC
EOG,EOG RESOURCES INC
EOPN,E2OPEN INC
EOX,EMERALD OIL INC
EPAM,EPAM SYSTEMS INC
EPAY,BOTTOMLINE TECHNOLOGIES
EPE,EP ENERGY CORPORATION
EPIQ,EPIQ SYSTEMS INC
EPM,EVOLUTION PETROLEUM COR
EPR,EPR PROPERTIES
EPZM,EPIZYME INC
EQIX,EQUINIX INC
EQR,EQUITY RESIDENTIAL
EQT,EQT CORPORATION
EQU,EQUAL ENERGY LTD
EQY,EQUITY ONE INC
ERA,ERA GROUP INC
ERIE,ERIE INDEMNITY CO
ERII,ENERGY RECOVERY INC
EROS,EROS INTL PLC
ESBF,ESB FINANCIAL CORP
ESC,EMERITUS CORP
ESCA,ESCALADE INC
ESE,ESCO TECHNOLOGIES INC
ESGR,ENSTAR GROUP LIMITED
ESI,ITT EDUCATIONAL SVCS IN
ESIO,ELECTRO SCIENTIFIC INDS
ESL,ESTERLINE TECHNOLOGIES
ESNT,ESSENT GROUP LTD
ESPR,ESPERION THERAPEUTICS
ESRT,EMPIRE STATE REALTY
ESRX,EXPRESS SCRIPTS HOLD CO
ESS,ESSEX PROPERTY TRUST IN
ETFC,E TRADE FINANCIAL CORP
ETH,ETHAN ALLEN INTERIORS
ETM,ENTERCOM COMMUNICATIONS
ETN,EATON CORP PLC
ETR,ENTERGY CORP
EV,EATON VANCE CORP
EVC,ENTRAVISION COMM
EVDY,EVERYDAY HEALTH INC
EVER,EVERBANK FINL CORP
EVHC,ENVISION HEALTHCARE INC
EVR,EVERCORE PARTNERS
EVTC,EVERTEC INC
EW,EDWARDS LIFESCIENCES
EWBC,EAST WEST BANCORP INC
EXAC,EXACTECH INC
EXAM,EXAMWORKS GROUP INC
EXAR,EXAR CORP
EXAS,EXACT SCIENCES CORP
EXC,EXELON CORP
EXEL,EXELIXIS INC
EXH,EXTERRAN HOLDINGS INC
EXL,EXCEL TR INC
EXLS,EXLSERVICE HOLDINGS INC
EXP,EAGLE MATERIALS INC
EXPD,EXPEDITORS INTL OF WASH
EXPE,EXPEDIA INC
EXPO,EXPONENT INC
EXPR,EXPRESS INC
EXR,EXTRA SPACE STORAGE INC
EXTR,EXTREME NETWORKS INC
EXXI,ENERGY XXI (BERMUDA) LT
EZPW,EZCORP INC
F,FORD MOTOR CO
FAF,FIRST AMERICAN FINL COR
FANG,DIAMONDBACK ENERGY INC
FARM,FARMER BROS CO
FARO,FARO TECHNOLOGIES INC
FAST,FASTENAL CO
FB,FACEBOOK INC
FBC,FLAGSTAR BANCORP INC
FBHS,FORTUNE BRDS HOME & SEC
FBIZ,FIRST BUSINESS FINL SVC
FBNC,FIRST BANCORP NC
FBNK,FIRST CONN BANCORP INC
FBP,FIRST BANCORP PR
FBRC,FBR & CO
FC,FRANKLIN COVEY CO
FCBC,FIRST CMNTY BANCSHAR
FCE.A,FOREST CITY ENTRPRS
FCEL,FUELCELL ENERGY INC
FCF,FIRST COMMONWLTH FINL
FCFS,FIRST CASH FINANCIAL
FCH,FELCOR LODGING TRUST IN
FCN,FTI CONSULTING INC
FCNCA,FIRST CITIZENS BANCSHRS
FCS,FAIRCHILD SEMICONDUCTOR
FCX,FREEPORT-MCMORAN C&G
FDEF,FIRST DEFIANCE FINANCIA
FDML,FEDERAL MOGUL HOLDINGS
FDO,FAMILY DOLLAR STORES
FDP,FRESH DEL MONTE PRODUCE
FDS,FACTSET RESEARCH SYSTEM
FDX,FEDEX CORP
FE,FIRSTENERGY CORP
FEIC,FEI CO
FELE,FRANKLIN ELECTRIC CO
FET,FORUM ENERGY TECH
FEYE,FIREEYE INC
FF,FUTUREFUEL CORPORATION
FFBC,FIRST FINANCIAL BANCORP
FFG,FBL FINANCIAL GROUP INC
FFIC,FLUSHING FINANCIAL CORP
FFIN,FIRST FINL BANKSHARES
FFIV,F5 NETWORKS INC
FFNW,FIRST FINL NORTHWEST
FGL,FIDELITY & GUARANTY
FHCO,FEMALE HEALTH CO
FHN,FIRST HORIZON NATL CORP
FI,FRANK'S INTERNATIONAL
FIBK,FIRST INTST BANCSYSTEM
FICO,FAIR ISAAC CORP
FII,FEDERATED INVESTORS INC
FINL,FINISH LINE INC
FIO,FUSION-IO INC
FIS,FIDELITY NATL INFO SVCS
FISI,FINANCIAL INSTNS INC
FISV,FISERV INC
FITB,FIFTH THIRD BANCORP
FIVE,FIVE BELOW
FIVN,FIVE9 INC
FIX,COMFORT SYSTEMS USA INC
FIZZ,NATIONAL BEVERAGE CORP
FL,FOOT LOCKER INC
FLDM,FLUIDIGM CORP
FLIC,FIRST LONG ISLAND CORP
FLIR,FLIR SYSTEMS INC
FLO,FLOWERS FOODS INC
FLR,FLUOR CORP
FLS,FLOWSERVE CORP
FLT,FLEETCOR TECHNOLOGIES
FLTX,FLEETMATICS GROUP PLC
FLWS,1-800 FLOWERS COM
FLXN,FLEXION THERAPEUTICS IN
FLXS,FLEXSTEEL INDUSTRIES IN
FMBI,FIRST MIDWEST BANCORP
FMC,FMC CORP
FMER,FIRSTMERIT CORP
FMI,FOUNDATION MEDICINE INC
FN,FABRINET
FNB,FNB CORP
FNF,FIDELITY NATIONAL FINL
FNFG,FIRST NIAGARA FINL GRP
FNGN,FINANCIAL ENGINES INC
FNHC,FEDERATED NATL HOLDING
FNLC,FIRST BANCORP INC
FNSR,FINISAR CORP
FOE,FERRO CORP
FOR,FORESTAR GROUP INC
FORM,FORMFACTOR INC
FORR,FORRESTER RESEARCH INC
FOSL,FOSSIL GROUP INC
FOXA,21ST CENTURY FOX INC
FOXF,FOX FACTORY HOLDING COR
FPO,FIRST POTOMAC REALTY TR
FPRX,FIVE PRIME THERAPEUTICS
FR,FIRST INDUSTRIAL RLTY T
FRAN,FRANCESCAS HOLDINGS COR
FRBK,REPUBLIC FIRST BANCORP
FRC,FIRST REP BK SAN FRAN
FRED,FREDS INC
FRGI,FIESTA RESTAURANT GROUP
FRM,FURMANITE CORP
FRME,FIRST MERCHANTS CORP
FRNK,FRANKLIN FINL CORP VA
FRO,FRONTLINE LTD
FRP,FAIRPOINT COMMUNICATION
FRSH,PAPA MURPHYS HLDGS INC
FRT,FEDERAL REALTY INVT
FRX,FOREST LABS INC
FSL,FREESCALE SEMICONDUCTOR
FSLR,FIRST SOLAR INC
FSP,FRANKLIN STREET PPTYS C
FSS,FEDERAL SIGNAL CORP
FST,FOREST OIL CORP
FSTR,FOSTER L B CO
FSYS,FUEL SYSTEMS SOLUTIONS
FTD,FTD COMPANIES INC
FTI,FMC TECHNOLOGIES INC
FTK,FLOTEK INDS INC DEL
FTNT,FORTINET INC
FTR,FRONTIER COMMUNICATIONS
FUBC,1ST UNITED BANCORP INC
FUEL,ROCKET FUEL INC
FUL,FULLER H B CO
FULT,FULTON FINANCIAL CORP
FUR,WINTHROP REALTY TRUST
FURX,FURIEX PHARMACEUTICALS
FVE,FIVE STAR QUALITY CARE
FWLT,FOSTER WHEELER AG
FWM,FAIRWAY GROUP HLDGS COR
FWRD,FORWARD AIR CORP
FXCB,FOX CHASE BANCORP
FXCM,FXCM INC
FXEN,FX ENERGY INC
G,GENPACT LTD
GABC,GERMAN AMERICAN BANCORP
GAIA,GAIAM INC
GALE,GALENA BIOPHARMA INC
GALT,GALECTIN THERAPEUTICS
GAS,AGL RESOURCES INC
GB,GREATBATCH INC
GBCI,GLACIER BANCORP INC
GBL,GAMCO INVESTORS INC
GBLI,GLOBAL INDEMNITY PLC
GBNK,GUARANTY BANCORP
GBX,GREENBRIER COMPANIES IN
GCA,GLOBAL CASH ACCESS INC
GCAP,GAIN CAPITAL HLDNGS INC
GCI,GANNETT INC
GCO,GENESCO INC
GD,GENERAL DYNAMICS CORP
GDOT,GREEN DOT CORP
GDP,GOODRICH PETROLEUM CORP
GE,GENERAL ELECTRIC CO
GEF,GREIF INC
GEO,GEO GROUP INC
GEOS,GEOSPACE TECHNOLOGIES
GERN,GERON CORP
GES,GUESS INC
GEVA,SYNAGEVA BIOPHARMA CORP
GFF,GRIFFON CORP
GFIG,GFI GROUP INC
GFN,GENERAL FINANCE CORP
GGG,GRACO INC
GGP,GENERAL GROWTH PPTYS IN
GHC,GRAHAM HOLDINGS COMPANY
GHDX,GENOMIC HEALTH INC
GHL,GREENHILL & CO INC
GHM,GRAHAM CORP
GIFI,GULF ISLAND FABRICATION
GIII,G-III APPAREL GROUP LTD
GILD,GILEAD SCIENCES INC
GIMO,GIGAMON INC
GIS,GENERAL MILLS INC
GK,G&K SERVICES INC
GLDD,GREAT LAKES DREDGE & DO
GLF,GULFMARK OFFSHORE INC
GLNG,GOLAR LNG LTD BERMUDA
GLOG,GASLOG LTD
GLPI,GAMING AND LEISURE PROP
GLPW,GLOBAL POWER EQUIPMENT
GLRE,GREENLIGHT CAPITAL RE L
GLRI,GLORI ENERGY INC
GLT,GLATFELTER
GLUU,GLU MOBILE INC
GLW,CORNING INC
GM,GENERAL MTRS CO
GMCR,KEURIG GREEN MOUNTAIN
GME,GAMESTOP CORP
GMED,GLOBUS MEDICAL INC
GMT,GATX CORP
GNC,GNC HLDGS INC
GNCA,GENOCEA BIOSCIENCES INC
GNCMA,GENERAL COMMUNICATION
GNMK,GENMARK DIAGNOSTICS INC
GNRC,GENERAC HOLDINGS INC
GNTX,GENTEX CORP
GNW,GENWORTH FINANCIAL INC
GOGO,GOGO INC
GOOD,GLADSTONE COMMERCIAL
GOOG,GOOGLE INC CLASS C
GOOGL,GOOGLE INC
GORO,GOLD RESOURCE CORP
GOV,GOVERNMENT PPTY INCOME
GPC,GENUINE PARTS CO
GPI,GROUP 1 AUTOMOTIVE INC
GPK,GRAPHIC PACKAGING HLDG
GPN,GLOBAL PAYMENTS INC
GPOR,GULFPORT ENERGY CORP
GPRE,GREEN PLAINS INC
GPS,GAP INC
GPT,GRAMERCY PRPTY TRST INC
GPX,GP STRATEGIES CORP
GRA,GRACE W R & CO
GRC,GORMAN RUPP CO
GRMN,GARMIN LTD
GRPN,GROUPON INC
GRT,GLIMCHER REALTY TRUST
GRUB,GRUBHUB INC
GS,GOLDMAN SACHS GROUP INC
GSAT,GLOBALSTAR INC
GSBC,GREAT SOUTHERN BANCORP
GSIG,GSI GROUP INC CDA NEW
GSM,GLOBE SPECIALTY METALS
GSOL,GLOBAL SOURCES LTD
GST,GASTAR EXPL INC
GT,GOODYEAR TIRE & RUBBER
GTAT,GT ADVANCED TECHNOLOGIE
GTI,GRAFTECH INTL LTD
GTIV,GENTIVA HEALTH SERVICES
GTLS,CHART INDUSTRIES INC
GTN,GRAY TELEVISION INC
GTS,TRIPLE-S MANAGEMENT COR
GTT,GTT COMMUNICATIONS INC
GTY,GETTY REALTY CORP
GUID,GUIDANCE SOFTWARE INC
GVA,GRANITE CONSTR INC
GWR,GENESEE & WYOMING INC
GWRE,GUIDEWIRE SOFTWARE INC
GWW,GRAINGER W W INC
GXP,GREAT PLAINS ENERGY INC
GY,GENCORP INC
H,HYATT HOTELS CORP
HA,HAWAIIAN HOLDINGS INC
HAE,HAEMONETICS CORP
HAFC,HANMI FINANCIAL CORP
HAIN,HAIN CELESTIAL GROUP
HAL,HALLIBURTON CO
HALL,HALLMARK FINL SVCS INC
HALO,HALOZYME THERAPEUTICS
HAR,HARMAN INTERNATIONAL IN
HAS,HASBRO INC
HASI,HANNON ARMSTRONG SUSTAI
HAWK,BLACKHAWK NETWORK HLDGS
HAYN,HAYNES INTERNATIONAL IN
HBAN,HUNTINGTON BANCSHARES
HBHC,HANCOCK HOLDING CO
HBI,HANESBRAND INC
HBNC,HORIZON BANCORP IND
HCA,HCA HOLDINGS INC
HCBK,HUDSON CITY BANCORP
HCC,HCC INSURANCE HLDGS IN
HCCI,HERITAGE CRYL CLEAN INC
HCI,HCI GROUP INC
HCKT,HACKETT GROUP INC
HCN,HEALTH CARE REIT INC
HCOM,HAWAIIAN TELCOM HOLDCO
HCP,HCP INC
HCSG,HEALTHCARE SVCS GRP INC
HCT,AMER RLTY CAP HEALTHCAR
HD,HOME DEPOT INC
HDS,HD SUPPLY HOLDINGS INC
HE,HAWAIIAN ELECTRIC INDS
HEAR,TURTLE BEACH CORP
HEES,H&E EQUIPMENT SERVICES
HEI,HEICO CORP
HELE,HELEN OF TROY LTD
HELI,CHC GROUP LTD
HEOP,HERITAGE OAKS BANCORP
HERO,HERCULES OFFSHORE INC
HES,HESS CORP
HF,HFF INC
HFC,HOLLYFRONTIER CORP
HFWA,HERITAGE FINANCIAL CORP
HGG,HHGREGG INC
HGR,HANGER INC
HHC,HOWARD HUGHES CORP
HHS,HARTE HANKS INC
HI,HILLENBRAND INC
HIBB,HIBBETT SPORTS INC
HIG,HARTFORD FINL SVCS GRP
HII,HUNTINGTON INGALLS IND
HIL,HILL INTERNATIONAL INC
HILL,DOT HILL SYS CORP
HITT,HITTITE MICROWAVE CORP
HIVE,AEROHIVE NETWORKS INC
HIW,HIGHWOODS PROPERTIES IN
HK,HALCON RESOURCES CORP
HL,HECLA MINING CO
HLF,HERBALIFE LTD
HLIT,HARMONIC INC
HLS,HEALTHSOUTH CORP
HLSS,HOME LOAN SERVICING SOL
HLT,HILTON WORLDWIDE HOLDIN
HLX,HELIX ENERGY SOLUTIONS
HME,HOME PROPERTIES INC
HMHC,HOUGHTON MIFFLIN HARCOU
HMN,HORACE MANN EDUCATORS
HMPR,HAMPTON ROADS BANKSHARE
HMST,HOMESTREET INC
HMSY,HMS HOLDINGS CORP
HMTV,HEMISPHERE MEDIA GROUP
HNH,HANDY & HARMAN HLDGS LT
HNI,HNI CORPORATION
HNR,HARVEST NATURAL RES
HNRG,HALLADOR ENERGY CO
HNT,HEALTH NET INC
HOG,HARLEY DAVIDSON INC
HOLX,HOLOGIC INC
HOMB,HOME BANCSHARES INC
HON,HONEYWELL INTERNATIONAL
HOS,HORNBECK OFFSHORE SVCS
HOT,STARWOOD HOTELS & RESRT
HOV,HOVNANIAN ENTERPRISES
HP,HELMERICH & PAYNE INC
HPP,HUDSON PAC PPTYS INC
HPQ,HEWLETT PACKARD CO
HPT,HOSPITALITY PPTYS TRUST
HPTX,HYPERION THERAPEUTICS I
HPY,HEARTLAND PAYMENT SYS
HR,HEALTHCARE REALTY TRUST
HRB,BLOCK H & R INC
HRC,HILL-ROM HOLDINGS INC
HRG,HARBINGER GROUP INC
HRL,HORMEL FOODS CORP
HRS,HARRIS CORP
HRTG,HERITAGE INS HLDGS INC
HRTX,HERON THERAPEUTICS INC
HSC,HARSCO CORP
HSH,THE HILLSHIRE BRANDS CO
HSIC,SCHEIN HENRY INC
HSII,HEIDRICK & STRUGGLES
HSNI,HSN INC
HSP,HOSPIRA INC
HST,HOST HOTELS & RESORTS
HSTM,HEALTHSTREAM INC
HSY,HERSHEY COMPANY
HT,HERSHA HOSPITALITY TRUS
HTA,HEALTHCARE TR AMER INC
HTBI,HOMETRUST BANCSHARES IN
HTBK,HERITAGE COMMERCE CORP
HTH,HILLTOP HOLDINGS INC
HTLD,HEARTLAND EXPRESS INC
HTLF,HEARTLAND FINANCIAL USA
HTS,HATTERAS FINL CORP
HTWR,HEARTWARE INTL INC
HTZ,HERTZ GLOBAL HOLDINGS
HUB.B,HUBBELL INC
HUBG,HUB GROUP INC
HUM,HUMANA INC
HUN,HUNTSMAN CORP
HURC,HURCO COMPANIES INC
HURN,HURON CONSULTING GROUP
HVB,HUDSON VALLEY HOLDING
HVT,HAVERTY FURNITURE INC
HW,HEADWATERS INC
HWAY,HEALTHWAYS INC
HWCC,HOUSTON WIRE & CABLE
HWKN,HAWKINS INC
HXL,HEXCEL CORP
HY,HYSTER-YALE MATERIALS
HZNP,HORIZON PHARMA INC
HZO,MARINEMAX INC
I,INTELSAT S A
IACI,IAC INTERACTIVECORP
IART,INTEGRA LIFESCIENCES
IBCP,INDEPENDENT BANK CORP
IBKC,IBERIABANK CORP
IBKR,INTERACTIVE BROKERS GRO
IBM,INTL BUSINESS MACHINES
IBOC,INTERNATIONAL BANCSHARE
IBP,INSTALLED BLDNG PRODUCT
IBTX,INDEPENDENT BK GROUP IN
ICE,INTERCONTINENTAL EXCH
ICEL,CELLULAR DYNAMICS INT
ICFI,ICF INTERNATIONAL INC
ICGE,ICG GROUP INC
ICON,ICONIX BRAND GROUP INC
ICPT,INTERCEPT PHARMA INC
ICUI,ICU MEDICAL INC
IDA,IDACORP INC
IDCC,INTERDIGITAL INC
IDIX,IDENIX PHARMACEUTICALS
IDRA,IDERA PHARMACEUTICALS
IDT,IDT CORP
IDTI,INTEGRATED DEVICE TECH
IDXX,IDEXX LABS INC
IEX,IDEX CORP
IFF,INTL FLAVORS & FRAGRANC
IG,IGI LABS INC
IGT,INTL GAME TECHNOLOGY
IGTE,IGATE CORP
IHC,INDEPENDENCE HOLDING CO
IHS,IHS INC
III,INFORMATION SERVICES GR
IIIN,INSTEEL INDUSTRIES INC
IILG,INTERVAL LEISURE GRP IN
IIVI,II VI INC
IL,INTRALINKS HLDGS INC
ILMN,ILLUMINA INC
IM,INGRAM MICRO INC
IMGN,IMMUNOGEN INC
IMKTA,INGLES MARKETS INC
IMMR,IMMERSION CORP
IMMU,IMMUNOMEDICS INC
IMPV,IMPERVA INC
IMS,IMS HEALTH HLDGS INC
INAP,INTERNAP NETWORK SVCS C
INCY,INCYTE CORP
INDB,INDEPENDENT BANK MA
INFA,INFORMATICA CORP
INFI,INFINITY PHARMACEUTICAL
INFN,INFINERA CORP
INGN,INOGEN INC
INGR,INGREDION INC
ININ,INTERACTIVE INTELLIGENC
INN,SUMMIT HOTEL PROPER
INO,INOVIO PHARMACEUTICALS
INSM,INSMED INC
INSY,INSYS THERAPEUTICS INC
INT,WORLD FUEL SVCS CORP
INTC,INTEL CORP
INTL,INTL FCSTONE INC
INTU,INTUIT
INVN,INVENSENSE INC
INWK,INNERWORKINGS INC
IO,ION GEOPHYSICAL CORP
IOSP,INNOSPEC INC
IP,INTERNATIONAL PAPER CO
IPAR,INTER PARFUMS INC
IPCC,INFINITY PPTY & CAS COR
IPCM,IPC THE HOSPITALIST CO
IPG,INTERPUBLIC GROUP OF CO
IPGP,IPG PHOTONICS CORP
IPHI,INPHI CORP
IPHS,INNOPHOS HOLDINGS INC
IPI,INTREPID POTASH INC
IPXL,IMPAX LABORATORIES INC
IQNT,INTELIQUENT INC
IR,INGERSOLL-RAND PLC
IRBT,IROBOT CORP
IRC,INLAND REAL ESTATE CORP
IRDM,IRIDIUM COMMUNICATIONS
IRET,INVESTORS REAL ESTATE T
IRF,INTERNATIONAL RECTIFIER
IRG,IGNITE RESTAURANT GROUP
IRM,IRON MOUNTAIN INC
IRWD,IRONWOOD PHARMACEUTICAL
ISBC,INVESTORS BANCORP INC
ISCA,INTERNATIONAL SPEEDWAY
ISH,INTL SHIPHOLDING CORP
ISIL,INTERSIL CORP
ISIS,ISIS PHARMACEUTICALS
ISLE,ISLE OF CAPRI CASINOS
ISRG,INTUITIVE SURGICAL INC
ISRL,ISRAMCO INC
ISSI,INTEGRATED SILICON S
IT,GARTNER INC
ITC,ITC HOLDINGS CORP
ITCI,INTRA CELLULAR THERAPIE
ITG,INVESTMENT TECHNOLOGY
ITMN,INTERMUNE INC
ITRI,ITRON INC
ITT,ITT CORPORATION
ITW,ILLINOIS TOOL WORKS INC
IVAC,INTEVAC INC
IVC,INVACARE CORP
IVR,INVESCO MORTGAGE CAP
IVZ,INVESCO LTD
IXYS,IXYS CORP
JACK,JACK IN THE BOX INC
JAH,JARDEN CORP
JAKK,JAKKS PACIFIC INC
JAZZ,JAZZ PHARMACEUTICALS PL
JBHT,HUNT J B TRANS SVCS
JBL,JABIL CIRCUIT INC
JBLU,JETBLUE AIRWAYS CORP
JBSS,SANFILIPPO JOHN B & SON
JBT,JOHN BEAN TECH CORP
JCI,JOHNSON CONTROLS INC
JCOM,J2 GLOBAL INC
JCP,PENNEY J C INC
JDSU,JDS UNIPHASE CORP
JEC,JACOBS ENGINEERING GRP
JGW,JGWPT HOLDINGS INC
JIVE,JIVE SOFTWARE INC
JJSF,J & J SNACK FOODS CO
JKHY,HENRY JACK & ASSOCIATES
JLL,JONES LANG LASALLE INC
JMBA,JAMBA INC
JNJ,JOHNSON & JOHNSON
JNPR,JUNIPER NETWORKS INC
JNS,JANUS CAPITAL GROUP INC
JOE,ST JOE CO
JONE,JONES ENERGY INC
JOUT,JOHNSON OUTDOORS INC
JOY,JOY GLOBAL INC
JPM,JPMORGAN CHASE & CO
JRN,JOURNAL COMMUNICATIONS
JW.A,WILEY JOHN & SONS INC
JWN,NORDSTROM INC
K,KELLOGG CO
KAI,KADANT INC
KALU,KAISER ALUMINUM CORP
KAMN,KAMAN CORP
KAR,KAR AUCTION SERVICES IN
KATE,KATE SPADE & CO
KBALB,KIMBALL INTERNATIONAL
KBH,KB HOME
KBR,KBR INC
KCG,KCG HOLDINGS INC
KCLI,KANSAS CITY LIFE INS CO
KEG,KEY ENERGY SERVICES INC
KELYA,KELLY SERVICES INC
KEM,KEMET CORP
KERX,KERYX BIOPHARMACEUTICAL
KEX,KIRBY CORP
KEY,KEYCORP
KEYW,KEYW HOLDING CORP
KFRC,KFORCE INC
KFX,KOFAX LTD
KFY,KORN FERRY INTERNATIONA
KIM,KIMCO REALTY CORP
KIN,KINDRED BIOSCIENCES INC
KIRK,KIRKLANDS INC
KKD,KRISPY KREME DOUGHNUTS
KLAC,KLA-TENCOR CORP
KMB,KIMBERLY CLARK CORP
KMG,KMG CHEMICALS INC
KMI,KINDER MORGAN INC DEL
KMPR,KEMPER CORPORATION
KMT,KENNAMETAL INC
KMX,CARMAX INC
KN,KNOWLES CORPORATION
KND,KINDRED HEALTHCARE INC
KNL,KNOLL INC
KNX,KNIGHT TRANSPORTATION
KO,COCA COLA CO
KODK,EASTMAN KODAK CO
KOG,KODIAK OIL & GAS CORP
KOP,KOPPERS HOLDINGS INC
KOPN,KOPIN CORP
KORS,MICHAEL KORS HLDGS LTD
KOS,KOSMOS ENERGY LTD
KPTI,KARYOPHARM THERAPEUTICS
KR,KROGER CO
KRA,KRATON PERF POLYMERS
KRC,KILROY REALTY CORP
KRFT,KRAFT FOODS GROUP INC
KRG,KITE REALTY GROUP TRUST
KRNY,KEARNY FINANCIAL CORP
KRO,KRONOS WORLDWIDE INC
KS,KAPSTONE PAPER & PACKAG
KSS,KOHLS CORP
KSU,KANSAS CITY SOUTHERN
KTOS,KRATOS DEFENSE & SEC SO
KTWO,K2M GROUP HLDGS INC
KVHI,KVH INDUSTRIES INC
KW,KENNEDY-WILSON HLDGS IN
KWK,QUICKSILVER RESOURCES
KWR,QUAKER CHEMICAL CORP
KYTH,KYTHERA BIOPHARM INC
L,LOEWS CORP
LABL,MULTI COLOR CORP
LAD,LITHIA MOTORS INC
LADR,LADDER CAPITAL CORP
LAMR,LAMAR ADVERTISING CO
LANC,LANCASTER COLONY CORP
LAYN,LAYNE CHRISTENSEN CO
LAZ,LAZARD LTD
LB,L BRANDS INC
LBAI,LAKELAND BANCORP INC
LBMH,LIBERATOR MEDICAL HLDGS
LBY,LIBBEY INC
LCI,LANNETT CO INC
LCUT,LIFETIME BRANDS INC
LDL,LYDALL INC
LDOS,LEIDOS HOLDINGS INC
LDR,LANDAUER INC
LDRH,LDR HOLDING CORPORATION
LE,LANDS END INC
LEA,LEAR CORP
LEAF,SPRINGLEAF HOLDINGS INC
LECO,LINCOLN ELECTRIC HLDGS
LEE,LEE ENTERPRISES INC
LEG,LEGGETT & PLATT INC
LEN,LENNAR CORP
LF,LEAPFROG ENTERPRISES IN
LFUS,LITTELFUSE INC
LG,LACLEDE GROUP INC
LGF,LIONS GATE ENTMNT CORP
LGIH,LGI HOMES INC
LGND,LIGAND PHARMACEUTICALS
LH,LABORATORY CORP OF AMER
LHCG,LHC GROUP INC
LHO,LASALLE HOTEL PROPERTIE
LII,LENNOX INTERNATIONAL IN
LINTA,LIBERTY INTERACTIVE
LION,FIDELITY SOUTHERN CORP
LIOX,LIONBRIDGE TECHNOLOGIES
LKFN,LAKELAND FINANCIAL CORP
LKQ,LKQ CORP
LL,LUMBER LIQUIDATORS HLDG
LLL,L-3 COMMUNICATIONS HLDG
LLNW,LIMELIGHT NETWORKS INC
LLTC,LINEAR TECHNOLOGY CO
LLY,LILLY ELI & CO
LM,LEGG MASON INC
LMCA,LIBERTY MEDIA CORP
LMIA,LMI AEROSPACE INC
LMNR,LIMONEIRA CO
LMNX,LUMINEX CORP
LMOS,LUMOS NETWORKS CORP
LMT,LOCKHEED MARTIN CORP
LNC,LINCOLN NATIONAL CORP
LNCE,SNYDER'S-LANCE INC
LNDC,LANDEC CORP
LNG,CHENIERE ENERGY INC
LNKD,LINKEDIN CORP
LNN,LINDSAY CORP
LNT,ALLIANT ENERGY CORP
LO,LORILLARD INC
LOCK,LIFELOCK INC
LOGM,LOGMEIN INC
LOPE,GRAND CANYON EDUCATION
LORL,LORAL SPACE & COMM
LOW,LOWES COS INC
LPG,DORIAN LPG LTD
LPI,LAREDO PETROLEUM INC
LPLA,LPL FINANCIAL HOLDINGS
LPNT,LIFEPOINT HOSPITALS
LPSN,LIVEPERSON INC
LPT,LIBERTY PROPERTY TRUST
LPX,LOUISIANA PACIFIC CORP
LQ,LA QUINTA HLDGS INC
LQDT,LIQUIDITY SERVICES INC
LRCX,LAM RESEARCH CORP
LRN,K12 INC
LSCC,LATTICE SEMICONDUCTOR
LSTR,LANDSTAR SYSTEMS INC
LTC,LTC PROPERTIES INC
LTM,LIFE TIME FITNESS INC
LTS,LADENBURG THALMAN FIN
LUK,LEUCADIA NATIONAL CORP
LUV,SOUTHWEST AIRLINES CO
LVLT,LEVEL 3 COMMUNICATIONS
LVNTA,LIBERTY VENTURES
LVS,LAS VEGAS SANDS CORP
LWAY,LIFEWAY FOODS INC
LXFT,LUXOFT HOLDING INC
LXK,LEXMARK INTERNATIONAL
LXP,LEXINGTON REALTY TRUST
LXRX,LEXICON PHARMACEUTICALS
LXU,LSB INDUSTRIES INC
LYB,LYONDELLBASELL INDS
LYTS,LSI INDUSTRIES INC
LYV,LIVE NATION ENT INC
LZB,LA Z BOY INC
M,MACYS INC
MA,MASTERCARD INC
MAA,MID-AMER APT CMNTYS
MAC,MACERICH CO
MACK,MERRIMACK PHARMACEUTICA
MAN,MANPOWERGROUP
MANH,MANHATTAN ASSOCS INC
MANT,MANTECH INTERNATIONAL
MAR,MARRIOTT INTL INC
MAS,MASCO CORP
MASI,MASIMO CORPORATION
MAT,MATTEL INC
MATW,MATTHEWS INTERNATIONAL
MATX,MATSON INC
MBFI,MB FINANCIAL INC
MBI,MBIA INC
MBII,MARRONE BIO INNOVATIONS
MBUU,MALIBU BOATS INC
MBVT,MERCHANTS BANCSHARES
MBWM,MERCANTILE BANK CORP
MC,MOELIS & CO
MCBC,MACATAWA BANK CORP
MCD,MCDONALDS CORP
MCF,CONTANGO OIL & GAS CO
MCHP,MICROCHIP TECHNOLOGY
MCHX,MARCHEX INC
MCK,MCKESSON CORP
MCO,MOODYS CORP
MCP,MOLYCORP INC
MCRI,MONARCH CASINO & RESORT
MCRL,MICREL INC
MCRS,MICROS SYSTEMS INC
MCS,MARCUS CORP
MCY,MERCURY GENERAL CORP
MD,MEDNAX INC
MDAS,MEDASSETS INC
MDC,MDC HOLDINGS INC
MDCA,MDC CORP
MDCO,MEDICINES CO
MDLZ,MONDELEZ INTERNATIONAL
MDP,MEREDITH CORP
MDR,MCDERMOTT INTL INC
MDRX,ALLSCRIPTS HEALTHCARE
MDSO,MEDIDATA SOLUTIONS INC
MDT,MEDTRONIC INC
MDU,MDU RESOURCES GROUP INC
MDVN,MEDIVATION INC
MDXG,MIMEDX GROUP INC
MEAS,MEASUREMENT SPECIALTIES
MED,MEDIFAST INC
MEG,MEDIA GENERAL INC
MEI,METHODE ELECTRS INC
MENT,MENTOR GRAPHICS CORP
MET,METLIFE INC
METR,METRO BANCORP INC
MFA,MFA FINANCIAL INC
MFLX,MULTI-FINELINE ELECTRON
MFRM,MATTRESS FIRM HLDG CORP
MG,MISTRAS GROUP INC
MGAM,MULTIMEDIA GAMES HLD CO
MGEE,MGE ENERGY INC
MGI,MONEYGRAM INTERNATIONAL
MGLN,MAGELLAN HEALTH INC
MGM,MGM RESORTS INTL
MGNX,MACROGENICS INC
MGRC,MCGRATH RENTCORP
MHFI,MCGRAW HILL FINL INC
MHGC,MORGANS HOTEL GROUP CO
MHK,MOHAWK INDUSTRIES INC
MHLD,MAIDEN HOLDINGS LTD
MHO,M/I HOMES INC
MHR,MAGNUM HUNTER RES CORP
MIDD,MIDDLEBY CORP
MIG,MEADOWBROOK INS GROUP
MILL,MILLER ENERGY RES INC
MIND,MITCHAM INDUSTRIES INC
MINI,MOBILE MINI INC
MITT,AG MORTGAGE INVT TR INC
MJN,MEAD JOHNSON NUTRITION
MKC,MCCORMICK & CO INC
MKL,MARKEL CORP
MKSI,MKS INSTRUMENTS INC
MKTO,MARKETO INC
MKTX,MARKETAXESS HOLDINGS IN
MLAB,MESA LABS INC
MLHR,HERMAN MILLER INC
MLI,MUELLER INDUSTRIES INC
MLM,MARTIN MARIETTA MTLS
MLNK,MODUSLINK GLB SOLUTIONS
MLR,MILLER INDUSTRIES INC
MM,MILLENNIAL MEDIA INC
MMC,MARSH & MCLENNAN COS
MMI,MARCUS & MILLICHAP
MMM,3M CO
MMS,MAXIMUS INC
MMSI,MERIT MED SYSTEMS INC
MN,MANNING & NAPIER INC
MNI,MCCLATCHY CO
MNK,MALLINCKRODT PLC
MNKD,MANNKIND CORP
MNR,MONMOUTH REAL ESTATE
MNRO,MONRO MUFFLER BRAKE INC
MNST,MONSTER BEVERAGE CORP
MNTA,MOMENTA PHARMACEUTICALS
MNTX,MANITEX INTL INC
MO,ALTRIA GROUP INC
MOD,MODINE MANUFACTURING CO
MODN,MODEL N INC
MOFG,MIDWESTONE FINL GROUP
MOG.A,MOOG INC
MOH,MOLINA HEALTHCARE INC
MON,MONSANTO CO
MORN,MORNINGSTAR INC
MOS,MOSAIC COMPANY
MOV,MOVADO GROUP INC
MOVE,MOVE INC
MPAA,MOTORCAR PTS AMERICA IN
MPC,MARATHON PETROLEUM CORP
MPO,MIDSTATES PETE CO INC
MPW,MEDICAL PROPERTIES TRUS
MPWR,MONOLITHIC POWER SYSTEM
MPX,MARINE PRODUCTS CORP
MRC,MRC GLOBAL INC
MRCY,MERCURY SYSTEMS INC
MRGE,MERGE HEALTHCARE INC
MRH,MONTPELIER RE HOLDINGS
MRIN,MARIN SOFTWARE INC
MRK,MERCK & CO INC
MRLN,MARLIN BUSINESS SVCS
MRO,MARATHON OIL CORP
MRTN,MARTEN TRANS LTD
MRTX,MIRATI THERAPEUTICS INC
MRVL,MARVELL TECHNOLOGY GROU
MS,MORGAN STANLEY
MSA,MSA SAFETY INC
MSCC,MICROSEMI CORP
MSCI,MSCI INC
MSEX,MIDDLESEX WATER CO
MSFG,MAINSOURCE FINANCIAL GR
MSFT,MICROSOFT CORP
MSG,MADISON SQUARE GARDEN
MSI,MOTOROLA SOLUTIONS INC
MSL,MIDSOUTH BANCORP INC
MSM,MSC INDL DIRECT INC
MSO,MARTHA STEWART LIVING
MSTR,MICROSTRATEGY INC
MTB,M & T BANK CORP
MTD,METTLER TOLEDO INTL INC
MTDR,MATADOR RES CO
MTG,MGIC INVESTMENT CORP
MTGE,AMERICAN CAP MTG INVT
MTH,MERITAGE HOMES CORP
MTN,VAIL RESORTS INC
MTOR,MERITOR INC
MTRN,MATERION CORPORATION
MTRX,MATRIX SERVICE CO
MTSC,MTS SYSTEMS CORP
MTSI,MA COM TECHNOLOGY SOL
MTW,MANITOWOC CO INC
MTX,MINERALS TECHNOLOGIES
MTZ,MASTEC INC
MU,MICRON TECHNOLOGY INC
MUR,MURPHY OIL CORP
MUSA,MURPHY USA INC
MVNR,MAVENIR SYSTEMS INC
MW,MENS WEARHOUSE INC
MWA,MUELLER WTR PRODS INC
MWIV,MWI VETERINARY SUPPLY
MWV,MEADWESTVACO CORP
MWW,MONSTER WORLDWIDE INC
MXIM,MAXIM INTEGRATED PRODS
MXL,MAXLINEAR INC
MXWL,MAXWELL TECHNOLOGIES IN
MYCC,CLUBCORP HOLDINGS
MYE,MYERS INDUSTRIES INC
MYGN,MYRIAD GENETICS INC
MYL,MYLAN INC
MYRG,MYR GROUP INC DEL
N,NETSUITE INC
NADL,NORTH ATLANTIC DRILLING
NANO,NANOMETRICS INC
NASB,NASB FINANCIAL INC
NAT,NORDIC AMERICAN TANKER
NATH,NATHANS FAMOUS INC NEW
NATI,NATIONAL INSTRS CORP
NATL,NATIONAL INTERSTATE COR
NATR,NATURES SUNSHINE PRODS
NAV,NAVISTAR INTL CORP NEW
NAVB,NAVIDEA BIOPHARMA INC
NAVG,NAVIGATORS GROUP INC
NAVI,NAVIENT CORPORATION
NBBC,NEWBRIDGE BANCORP
NBCB,FIRST NBC BK HLDG CO
NBHC,NATIONAL BANK HOLDINGS
NBIX,NEUROCRINE BIOSCIENCES
NBL,NOBLE ENERGY INC
NBR,NABORS INDUSTRIES LTD
NBS,NEOSTEM INC
NBTB,NBT BANCORP INC
NC,NACCO INDUSTRIES INC
NCFT,NORCRAFT COMPANIES INC
NCI,NAVIGANT CONSULTING INC
NCLH,NORWEGIAN CRUISE LINE
NCMI,NATIONAL CINEMEDIA INC
NCR,NCR CORP
NCS,NCI BUILDING SYSTEMS IN
NDAQ,NASDAQ OMX GROUP INC
NDLS,NOODLES & COMPANY
NDSN,NORDSON CORP
NEE,NEXTERA ENERGY INC
NEM,NEWMONT MINING CORP
NEOG,NEOGEN CORP
NES,NUVERRA ENVTL SOLUTIONS
NEU,NEWMARKET CORPORATION
NEWM,NEW MEDIA INVT GROUP IN
NEWP,NEWPORT CORP
NEWS,NEWSTAR FINANCIAL INC
NFBK,NORTHFIELD BANCORP INC
NFG,NATIONAL FUEL GAS CO
NFLX,NETFLIX INC
NFX,NEWFIELD EXPLORATION CO
NGHC,NATIONAL GEN HLDGS CORP
NGS,NATURAL GAS SERVICES GR
NGVC,NATURAL GROCERS VITA CT
NHC,NATIONAL HEALTHCARE COR
NHI,NATIONAL HEALTH INVS IN
NI,NISOURCE INC
NICK,NICHOLAS FINANCIAL INC
NILE,BLUE NILE INC
NJR,NEW JERSEY RESOURCES
NKE,NIKE INC
NKSH,NATIONAL BANKSHARES INC
NKTR,NEKTAR THERAPEUTICS
NL,NL INDUSTRIES INC
NLNK,NEWLINK GENETICS CORP
NLS,NAUTILUS INC
NLSN,NIELSEN NV
NLY,ANNALY CAPITAL MGMT INC
NM,NAVIOS MARITIME HOLDING
NMBL,NIMBLE STORAGE INC
NMIH,NMI HLDGS INC
NMRX,NUMEREX CORP
NNA,NAVIOS MARITIME ACQUIS
NNBR,NN INC
NNI,NELNET INC
NNN,NATIONAL RETAIL PPTYS
NNVC,NANOVIRICIDES INC
NOC,NORTHROP GRUMMAN CORP
NOG,NORTHERN OIL & GAS INC
NOR,NORANDA ALUM HLDG CORP
NOV,NATIONAL OILWELL VARCO
NOW,SERVICENOW INC
NP,NEENAH PAPER INC
NPBC,NATIONAL PENN BANCSHARE
NPK,NATIONAL PRESTO INDS IN
NPO,ENPRO INDUSTRIES INC
NPSP,NPS PHARMACEUTICALS INC
NR,NEWPARK RESOURCES INC
NRCIA,NATIONAL RESEARCH CORP
NRF,NORTHSTAR REALTY FINANC
NRG,NRG ENERGY INC
NRIM,NORTHRIM BANCORP INC
NRZ,NEW RESIDENTIAL INVT
NSC,NORFOLK SOUTHERN CORP
NSIT,INSIGHT ENTERPRISES INC
NSM,NATIONSTAR MTG HLDGS IN
NSP,INSPERITY INC
NSR,NEUSTAR INC
NSTG,NANOSTRING TECH INC
NTAP,NETAPP INC
NTCT,NETSCOUT SYSTEMS INC
NTGR,NETGEAR INC
NTK,NORTEK INC
NTLS,NTELOS HOLDINGS CORP
NTRI,NUTRI SYSTEM INC
NTRS,NORTHERN TRUST CORP
NU,NORTHEAST UTILITIES
NUAN,NUANCE COMMUNICATIONS
NUE,NUCOR CORP
NUS,NU SKIN ENTERPRISES
NUTR,NUTRACEUTICAL INTL CORP
NUVA,NUVASIVE INC
NVAX,NOVAVAX INC
NVDA,NVIDIA CORP
NVEC,NVE CORP
NVR,NVR INC
NWBI,NORTHWEST BANCSHARES IN
NWBO,NORTHWEST BIOTHERAPEUTI
NWE,NORTHWESTERN CORP
NWHM,NEW HOME COMPANY INC
NWL,NEWELL RUBBERMAID INC
NWLI,NATIONAL WESTRN LIFE IN
NWN,NORTHWEST NATURAL GAS C
NWPX,NORTHWEST PIPE CO
NWSA,NEWS CORP
NWY,NEW YORK & CO INC
NX,QUANEX BUILDING PRODUCT
NXST,NEXSTAR BROADCASTING GR
NXTM,NXSTAGE MEDICAL INC
NYCB,NEW YORK CMNTY BANCORP
NYLD,NRG YIELD INC
NYMT,NEW YORK MTG TR INC
NYNY,EMPIRE RESORTS INC
NYRT,NEW YORK REIT INC
NYT,NEW YORK TIMES CO
O,REALTY INCOME CORP
OABC,OMNIAMERICAN BANCORP IN
OAS,OASIS PETE INC
OB,ONEBEACON INSURANCE GRP
OC,OWENS CORNING NEW
OCFC,OCEANFIRST FINANCIAL
OCLR,OCLARO INC
OCN,OCWEN FINANCIAL CORP
OCR,OMNICARE INC
ODC,OIL DRI CORP OF AMERICA
ODFL,OLD DOMINION FREIGHT
ODP,OFFICE DEPOT INC
OEH,ORIENT-EXPRESS HOTELS
OFC,CORPORATE OFFICE PPTYS
OFG,OFG BANCORP
OFIX,ORTHOFIX INTL N V
OFLX,OMEGA FLEX INC
OGE,OGE ENERGY CORP
OGS,ONE GAS INC
OHI,OMEGA HEALTHCARE INVS
OHRP,OHR PHARMACEUTICAL INC
OI,OWENS ILLINOIS INC
OII,OCEANEERING INTL INC
OIS,OIL STATES INTERNATIONA
OKE,ONEOK INC
OKSB,SOUTHWEST BANCORP INC O
OLBK,OLD LINE BANCSHARES INC
OLED,UNIVERSAL DISPLAY CORP
OLN,OLIN CORP
OLP,ONE LIBERTY PROPERTIES
OMC,OMNICOM GROUP INC
OMCL,OMNICELL INC
OME,OMEGA PROTEIN CORP
OMED,ONCOMED PHARMACEUTICALS
OMER,OMEROS CORP
OMG,OM GROUP INC
OMI,OWENS & MINOR INC
OMN,OMNOVA SOLUTIONS INC
ONB,OLD NATIONAL BANCORP
ONE,HIGHER ONE HLDGS INC
ONNN,ON SEMICONDUCTOR CORP
ONTY,ONCOTHYREON INC
ONVO,ORGANOVO HLDGS INC
OPB,OPUS BK IRVINE CALIF
OPEN,OPENTABLE INC
OPHT,OPHTHOTECH CORP
OPK,OPKO HEALTH INC
OPLK,OPLINK COMMUNICATIONS
OPWR,OPOWER INC
OPY,OPPENHEIMER HOLDINGS IN
ORA,ORMAT TECHNOLOGIES INC
ORB,ORBITAL SCIENCES CORP
ORBC,ORBCOMM INC
ORCL,ORACLE CORP
OREX,OREXIGEN THERAPEUTICS
ORI,OLD REPUBLIC INTL CORP
ORIT,ORITANI FINANCIAL CORP
ORLY,O REILLY AUTOMOTIVE INC
ORM,OWENS RLTY MTG INC
ORN,ORION MARINE GROUP INC
OSIR,OSIRIS THERAPEUTICS
OSIS,OSI SYSTEMS INC
OSK,OSHKOSH CORP
OSTK,OVERSTOCK COM INC
OSUR,ORASURE TECHNOLOGIES IN
OTTR,OTTER TAIL CORP
OUTR,OUTERWALL INC
OVAS,OVASCIENCE INC
OVTI,OMNIVISION TECHNOLOGIES
OWW,ORBITZ WORLDWIDE INC
OXFD,OXFORD IMMUNOTEC GLOBAL
OXM,OXFORD INDUSTRIES INC
OXY,OCCIDENTAL PETE CORP
OZRK,BANK OF THE OZARKS INC
P,PANDORA MEDIA INC
PACB,PACIFIC BIOSCIENCES CA
PACW,PACWEST BANCORP
PAG,PENSKE AUTOMOTIVE GROUP
PAH,PLATFORM SPECIALTY PROD
PAHC,PHIBRO ANIMAL HEALTH
PANW,PALO ALTO NETWORKS INC
PATK,PATRICK INDS INC
PATR,PATRIOT TRANSPORTATION
PAY,VERIFONE SYSTEMS INC
PAYC,PAYCOM SOFTWARE INC
PAYX,PAYCHEX INC
PB,PROSPERITY BANCSHARES
PBCT,PEOPLES UNITED FINANCIA
PBF,PBF ENERGY INC
PBH,PRESTIGE BRANDS HOLDING
PBI,PITNEY BOWES INC
PBPB,POTBELLY CORPORATION
PBY,PEP BOYS MANNY MOE&J
PBYI,PUMA BIOTECHNOLOGY INC
PCAR,PACCAR INC
PCBK,PACIFIC CONTINENTAL COR
PCCC,P C CONNECTION
PCG,PG&E CORP
PCH,POTLATCH CORP
PCL,PLUM CREEK TIMBER CO IN
PCLN,THE PRICELINE GROUP INC
PCO,PENDRELL CORPORATION
PCP,PRECISION CASTPARTS
PCRX,PACIRA PHARMACEUTICALS
PCTY,PAYLOCITY HLDG CORP
PCYC,PHARMACYCLICS INC
PCYG,PARK CITY GROUP INC
PDCE,PDC ENERGY INC
PDCO,PATTERSON COS INC
PDFS,PDF SOLUTIONS INC
PDLI,PDL BIOPHARMA INC
PDM,PIEDMONT OFFICE RLTY TR
PE,PARSLEY ENERGY INC
PEB,PEBBLEBROOK HOTEL TRUST
PEBO,PEOPLES BANCORP INC
PEG,PUBLIC SVC ENTERPRISE
PEGA,PEGASYSTEMS INC
PEGI,PATTERN ENERGY GROUP IN
PEI,PENNSYLVANIA REAL ESTAT
PEIX,PACIFIC ETHANOL INC
PENN,PENN NATIONAL GAMING IN
PEP,PEPSICO INC
PERY,ELLIS PERRY INTL INC
PES,PIONEER ENERGY SERVICES
PETM,PETSMART INC
PETS,PETMED EXPRESS INC
PETX,ARATANA THERAPEUTICS IN
PF,PINNACLE FOODS INC DEL
PFBC,PREFERRED BANK
PFE,PFIZER INC
PFG,PRINCIPAL FINANCIAL GRP
PFIE,PROFIRE ENERGY INC
PFIS,PEOPLES FINL SVCS CORP
PFMT,PERFORMANT FINANCIAL CO
PFPT,PROOFPOINT INC
PFS,PROVIDENT FINANCIAL SVC
PFSI,PENNYMAC FINL SVCS INC
PG,PROCTER & GAMBLE CO
PGC,PEAPACK-GLADSTONE FINL
PGEM,PLY GEM HLDGS INC
PGI,PREMIERE GLOBAL SERVICE
PGNX,PROGENICS PHARMACEUTICA
PGR,PROGRESSIVE CORP
PGTI,PGT INC
PH,PARKER HANNIFIN CORP
PHH,PHH CORPORATION
PHIIK,PHI INC
PHM,PULTEGROUP INC
PHMD,PHOTOMEDEX INC
PHX,PANHANDLE OIL AND GAS
PICO,PICO HOLDINGS INC
PII,POLARIS INDUSTRIES INC
PIKE,PIKE CORPORATION
PINC,PREMIER INC
PIR,PIER 1 IMPORTS INC
PJC,PIPER JAFFRAY COMPANIES
PKD,PARKER DRILLING CO
PKE,PARK ELECTROCHEMICAL
PKG,PACKAGING CORP OF AMER
PKI,PERKINELMER INC
PKOH,PARK OHIO HOLDINGS CORP
PKT,PROCERA NETWORKS INC
PKY,PARKWAY PROPERTIES INC
PL,PROTECTIVE LIFE CORP
PLAB,PHOTRONICS INC
PLCE,CHILDRENS PLACE INC
PLCM,POLYCOM INC
PLD,PROLOGIS INC
PLKI,POPEYES LOU KITCHEN INC
PLL,PALL CORP
PLMT,PALMETTO BANCSHARES INC
PLOW,DOUGLAS DYNAMICS INC
PLPC,PREFORMED LINE PRODUCTS
PLT,PLANTRONICS INC
PLUG,PLUG POWER INC
PLUS,EPLUS INC
PLXS,PLEXUS CORP
PLXT,PLX TECHNOLOGY INC
PM,PHILIP MORRIS INTL
PMC,PHARMERICA CORP
PMCS,PMC-SIERRA INC
PMT,PENNYMAC MORTGAGE INV
PNC,PNC FINANCIAL SVCS GROU
PNFP,PINNACLE FINANCIAL
PNK,PINNACLE ENTMT INC
PNM,PNM RESOURCES INC
PNR,PENTAIR PLC
PNRA,PANERA BREAD CO
PNW,PINNACLE WEST CAPITAL C
PNX,PHOENIX COMPANIES INC
PNY,PIEDMONT NAT GAS INC
PODD,INSULET CORP
POL,POLYONE CORP
POM,PEPCO HOLDINGS INC
POOL,POOL CORP
POR,PORTLAND GEN ELEC CO
POST,POST HOLDINGS INC
POWI,POWER INTEGRATIONS INC
POWL,POWELL INDUSTRIES INC
POWR,POWERSECURE INTL INC
POZN,POZEN INC
PPBI,PACIFIC PREMIER BANCORP
PPC,PILGRIMS PRIDE CORP NEW
PPG,PPG INDUSTRIES INC
PPHM,PEREGRINE PHARMACEUTICA
PPL,PPL CORP
PPO,POLYPORE INTL INC
PPS,POST PROPERTIES INC
PQ,PETROQUEST ENERGY INC
PRA,PROASSURANCE CORP
PRAA,PORTFOLIO RECOVERY ASSO
PRE,PARTNERRE LTD
PRFT,PERFICIENT INC
PRGO,PERRIGO CO PLC
PRGS,PROGRESS SOFTWARE CORP
PRGX,PRGX GLOBAL INC
PRI,PRIMERICA INC
PRIM,PRIMORIS SVCS CORP
PRK,PARK NATIONAL CORP
PRKR,PARKERVISION INC
PRLB,PROTO LABS INC
PRO,PROS HOLDINGS INC
PRSC,PROVIDENCE SERVICE CORP
PRTA,PROTHENA CORP PLC
PRU,PRUDENTIAL FINANCIAL IN
PRXL,PAREXEL INTERNATIONAL
PSA,PUBLIC STORAGE INC
PSB,PS BUSINESS PARKS INC
PSEM,PERICOM SEMICONDUCTOR
PSIX,POWER SOLUTIONS INTL IN
PSMI,PEREGRINE SEMICONDUCTOR
PSMT,PRICESMART INC
PSTB,PARK STERLING CORP
PSUN,PACIFIC SUNWEAR OF CALI
PSX,PHILLIPS 66
PTC,PTC INC
PTCT,PTC THERAPEUTICS INC
PTEN,PATTERSON UTI ENERGY
PTIE,PAIN THERAPEUTICS IN
PTLA,PORTOLA PHARMACEUTICALS
PTP,PLATINUM UNDERWRITER HL
PTRY,PANTRY INC
PTSI,P A M TRANSN SVCS INC
PTX,PERNIX THERAPEUTICS HLD
PVA,PENN VIRGINIA CORP
PVH,PVH CORP
PVTB,PRIVATEBANCORP INC
PWOD,PENNS WOODS BANCORP INC
PWR,QUANTA SERVICES INC
PX,PRAXAIR INC
PXD,PIONEER NAT RESOURCES C
PZN,PZENA INVESTMENT MGMT
PZZA,PAPA JOHNS INTERNATIONA
Q,QUINTILES TRANSNATIONAL
QADA,QAD INC
QCOM,QUALCOMM INC
QCOR,QUESTCOR PHARM INC
QDEL,QUIDEL CORP
QEP,QEP RESOURCES INC
QGEN,QIAGEN NV
QLGC,QLOGIC CORP
QLIK,QLIK TECHNOLOGIES INC
QLTY,QUALITY DISTRIBUTION IN
QLYS,QUALYS INC
QNST,QUINSTREET INC
QRHC,QUEST RESOURCE HLDG COR
QSII,QUALITY SYSTEMS INC
QTM,QUANTUM CORP
QTS,QTS REALTY TRUST INC
QTWO,Q2 HLDGS INC
QUAD,QUAD / GRAPHICS INC
QUIK,QUICKLOGIC CORP
R,RYDER SYSTEM INC
RAD,RITE AID CORP
RAI,REYNOLDS AMERICAN INC
RAIL,FREIGHTCAR AMERICA INC
RALY,RALLY SOFTWARE DEV CORP
RARE,ULTRAGENYX PHARMA
RAS,RAIT FINANCIAL TRUST
RATE,BANKRATE INC
RAVN,RAVEN INDUSTRIES INC
RAX,RACKSPACE HOSTING INC
RBC,REGAL BELOIT CORP
RBCAA,REPUBLIC BANCORP INC KY
RBCN,RUBICON TECHNOLOGY INC
RCAP,RCS CAPITAL CORP
RCII,RENT A CENTER INC
RCL,ROYAL CARIBBEAN CRUISES
RCPT,RECEPTOS INC
RDC,ROWAN COMPANIES PLC
RDEN,ELIZABETH ARDEN INC
RDI,READING INTERNATIONAL
RDN,RADIAN GROUP INC
RDNT,RADNET INC
RE,EVEREST RE GROUP LTD
RECN,RESOURCES CONNECTION
REG,REGENCY CENTERS CORP
REGI,RENEWABLE ENER GROUP IN
REGN,REGENERON PHARMACEUTICA
REI,RING ENERGY INC
REIS,REIS INC
REMY,REMY INTL INC
REN,RESOLUTE ENERGY CORP
RENT,RENTRAK CORP
RES,RPC INC
RESI,ALTISOURCE RESIDENTIAL
REV,REVLON INC
REX,REX AMERICAN RESOURCES
REXI,RESOURCE AMERICA INC
REXR,REXFORD INDUSTRIAL RLTY
REXX,REX ENERGY CORP
RF,REGIONS FINANCIAL CORP
RFMD,RF MICRODEVICES INC
RFP,RESOLUTE FOREST PRODUCT
RGA,REINSURANCE GRP OF AMER
RGC,REGAL ENTMT GROUP
RGDO,REGADO BIOSCIENCES INC
RGEN,REPLIGEN CORP
RGLD,ROYAL GOLD INC
RGLS,REGULUS THERAPEUTICS
RGR,STURM RUGER & CO INC
RGS,REGIS CORP
RH,RESTORATION HARDWARE
RHI,ROBERT HALF INTL INC
RHP,RYMAN HOSPITALITY PPTYS
RHT,RED HAT INC
RICE,RICE ENERGY INC
RIGL,RIGEL PHARMACEUTICALS
RJET,REPUBLIC AIRWAYS HLD
RJF,RAYMOND JAMES FINANCIAL
RKT,ROCK-TENN CO
RKUS,RUCKUS WIRELESS INC
RL,RALPH LAUREN CORP
RLD,REALD INC
RLGY,REALOGY HOLDINGS CORP
RLI,RLI CORP
RLJ,RLJ LODGING TR
RLOC,REACHLOCAL INC
RLYP,RELYPSA INC
RM,REGIONAL MGMT CORP
RMAX,RE/MAX HOLDINGS INC
RMBS,RAMBUS INC
RMD,RESMED INC
RMTI,ROCKWELL MEDICAL INC
RNDY,ROUNDYS INC
RNET,RIGNET INC
RNG,RINGCENTRAL INC
RNR,RENAISSANCERE HOLDINGS
RNST,RENASANT CORP
RNWK,REALNETWORKS INC
ROC,ROCKWOOD HOLDINGS INC
ROCK,GIBRALTAR INDUSTRIES IN
ROG,ROGERS CORP
ROIAK,RADIO ONE INC
ROIC,RETAIL OPPORTUNITY INVT
ROK,ROCKWELL AUTOMATION INC
ROL,ROLLINS INC
ROLL,RBC BEARINGS INC
ROP,ROPER INDUSTRIES INC
ROSE,ROSETTA RESOURCES INC
ROST,ROSS STORES INC
ROVI,ROVI CORPORATION
RP,REALPAGE INC
RPAI,RETAIL PPTYS AMER INC
RPM,RPM INTERNATIONAL INC
RPRX,REPROS THERAPEUTICS INC
RPT,RAMCO-GERSHENSON PPTYS
RPTP,RAPTOR PHARMACEUTICAL
RPXC,RPX CORP
RRC,RANGE RESOURCES CORP
RRD,DONNELLEY R R & SONS CO
RRGB,RED ROBIN GOURMET BURGE
RRTS,ROADRUNNER TRNSN SVCS
RS,RELIANCE STEEL & ALUM
RSE,ROUSE PROPERTIES INC
RSG,REPUBLIC SERVICES INC
RSO,RESOURCE CAPITAL CORP
RSPP,RSP PERMIAN INC
RST,ROSETTA STONE INC
RSTI,ROFIN SINAR TECHNOLOGIE
RT,RUBY TUESDAY INC
RTEC,RUDOLPH TECHNOLOGIES IN
RTI,RTI INTERNATIONAL METAL
RTIX,RTI SURGICAL INC
RTK,RENTECH INC
RTN,RAYTHEON CO
RTRX,RETROPHIN INC
RUBI,RUBICON PROJ INC
RUSHA,RUSH ENTERPRISES INC
RUTH,RUTH'S HOSPITALITY GROU
RVBD,RIVERBED TECHNOLOGY INC
RVLT,REVOLUTION LIGHTING TEC
RVNC,REVANCE THERAPEUTICS IN
RWT,REDWOOD TRUST INC
RXN,REXNORD CORP NEW
RYL,RYLAND GROUP INC
RYN,RAYONIER INC
S,SPRINT CORP
SAAS,INCONTACT INC
SABR,SABRE CORP
SAFM,SANDERSON FARMS INC
SAFT,SAFETY INSURANCE GRP IN
SAH,SONIC AUTOMOTIVE INC
SAIA,SAIA INC
SAIC,SCIENCE APPLICATIONS IN
SALE,RETAILMENOT INC
SALM,SALEM COMMUNICATIONS
SALT,SCORPIO BULKERS INC.
SAM,BOSTON BEER INC
SAMG,SILVERCREST ASSET MNGMT
SANM,SANMINA CORPORATION
SAPE,SAPIENT CORP
SASR,SANDY SPRING BANCORP
SATS,ECHOSTAR CORP
SAVE,SPIRIT AIRLS INC
SB,SAFE BULKERS INC
SBAC,SBA COMMUNICATIONS CORP
SBCF,SEACOAST BANKING CORP F
SBGI,SINCLAIR BROADCAST GROU
SBH,SALLY BEAUTY HOLDINGS
SBNY,SIGNATURE BANK
SBRA,SABRA HEALTH CARE REIT
SBSI,SOUTHSIDE BANCSHARES IN
SBUX,STARBUCKS CORP
SBY,SILVER BAY RLTY TR CORP
SC,SANTANDER CNSMR USA HLD
SCAI,SURGICAL CARE AFFILIATE
SCBT,FIRST FINANCIAL HOLDING
SCCO,SOUTHERN COPPER CORP
SCG,SCANA CORP
SCHL,SCHOLASTIC CORP
SCHN,SCHNITZER STEEL INDS
SCHW,SCHWAB CHARLES CORP
SCI,SERVICE CORP INTL
SCL,STEPAN CO
SCLN,SCICLONE PHARMACEUTICAL
SCMP,SUCAMPO PHARMA
SCOR,COMSCORE INC
SCS,STEELCASE INC
SCSC,SCANSOURCE INC
SCSS,SELECT COMFORT CORP
SCTY,SOLARCITY CORP
SCVL,SHOE CARNIVAL INC
SD,SANDRIDGE ENERGY INC
SDRL,SEADRILL LIMITED
SE,SPECTRA ENERGY CORP
SEAC,SEACHANGE INTERNATIONAL
SEAS,SEAWORLD ENTMT INC
SEB,SEABOARD CORP
SEE,SEALED AIR CORP
SEIC,SEI INVESTMENTS CO
SEM,SELECT MEDICAL HOLDINGS
SEMG,SEMGROUP CORP
SENEA,SENECA FOODS CORP
SF,STIFEL FINANCIAL CORP
SFBS,SERVISFIRST BANCSHARES
SFE,SAFEGUARD SCIENTIFICS
SFG,STANCORP FINANCIAL GROU
SFL,SHIP FINANCE INTL
SFLY,SHUTTERFLY INC
SFM,SPROUTS FRMRS MKT INC
SFNC,SIMMONS FIRST NATIONAL
SFXE,SFX ENTERTAINMENT INC
SFY,SWIFT ENERGY CO
SGA,SAGA COMMUNICATIONS INC
SGBK,STONEGATE BANK
SGEN,SEATTLE GENETICS INC
SGI,SILICON GRAPHICS INTL
SGK,SCHAWK INC
SGM,STONEGATE MORTGAGE CORP
SGMO,SANGAMO BIOSCIENCES INC
SGMS,SCIENTIFIC GAMES CORP
SGNT,SAGENT PHARMACEUTICALS
SGY,STONE ENERGY CORP
SGYP,SYNERGY PHARMACEUTICALS
SHEN,SHENANDOAH TELECOMM CO
SHLD,SEARS HOLDINGS CORP
SHLM,SCHULMAN A INC
SHLO,SHILOH INDUSTRIES INC
SHO,SUNSTONE HOTEL INVS INC
SHOO,MADDEN STEVEN LTD
SHOR,SHORETEL INC
SHOS,SEARS HOMETOWN OUTLET
SHW,SHERWIN WILLIAMS CO
SIAL,SIGMA ALDRICH CORP
SIF,SIFCO INDS INC
SIG,SIGNET JEWELERS LTD
SIGI,SELECTIVE INSURANCE GRP
SIMG,SILICON IMAGE INC
SIR,SELECT INCOME REIT
SIRI,SIRIUS XM HOLDINGS INC
SIRO,SIRONA DENTAL SYS INC
SIVB,SVB FINANCIAL GROUP
SIX,SIX FLAGS ENTMT CORP NE
SJI,SOUTH JERSEY INDUSTRIES
SJM,SMUCKER J M CO
SJW,SJW CORP
SKH,SKILLED HEALTHCARE GROU
SKT,TANGER FACTORY OUTLET
SKUL,SKULLCANDY INC
SKX,SKECHERS U S A INC
SKYW,SKYWEST INC
SLAB,SILICON LABORATORIES IN
SLB,SCHLUMBERGER LTD
SLCA,U S SILICA HLDGS INC
SLG,SL GREEN REALTY CORP
SLGN,SILGAN HOLDINGS INC
SLH,SOLERA HOLDINGS INC
SLM,SLM CORP
SLXP,SALIX PHARMACEUTICALS
SM,SM ENERGY CO
SMA,SYMMETRY MEDICAL INC
SMCI,SUPER MICRO COMPUTER IN
SMG,SCOTTS MIRACLE-GRO CO
SMP,STANDARD MOTOR PRODUCTS
SMRT,STEIN MART INC
SMTC,SEMTECH CORP
SN,SANCHEZ ENERGY CORP
SNA,SNAP ON INC
SNAK,INVENTURE FOODS INC
SNBC,SUN BANCORP INC NJ
SNCR,SYNCHRONOSS TECHNOLOGY
SNDK,SANDISK CORP
SNH,SENIOR HOUSING PPTYS TR
SNHY,SUN HYDRAULICS CORP
SNI,SCRIPPS NTWK INTERACTIV
SNMX,SENOMYX INC
SNOW,INTRAWEST RSRTS HLDG IN
SNPS,SYNOPSYS INC
SNSS,SUNESIS PHARMACEUTICALS
SNTA,SYNTA PHARMA CORP
SNV,SYNOVUS FINANCIAL CORP
SNX,SYNNEX CORP
SO,SOUTHERN CO
SON,SONOCO PRODUCTS CO
SONC,SONIC CORP
SONS,SONUS NETWORKS INC
SP,SP PLUS CORPORATION
SPA,SPARTON CORP
SPAR,SPARTAN MOTORS INC
SPB,SPECTRUM BRANDS HOLDING
SPDC,SPEED COMMERCE INC
SPF,STANDARD PACIFIC CORP
SPG,SIMON PROPERTY GROUP IN
SPLK,SPLUNK INC
SPLS,STAPLES INC
SPN,SUPERIOR ENERGY SERVICE
SPNC,SPECTRANETICS CORP
SPNS,SAPIENS INTL CORP N V
SPPI,SPECTRUM PHARMACEUTICAL
SPR,SPIRIT AEROSYSTEMS
SPSC,SPS COMM INC
SPTN,SPARTANNASH COMPANY
SPW,SPX CORP
SPWH,SPORTSMANS WHSE HLDGS
SPWR,SUNPOWER CORP
SQBG,SEQUENTIAL BRANDS GROUP
SQBK,SQUARE 1 FINL INC
SQI,SCIQUEST INC NEW
SQNM,SEQUENOM INC
SRC,SPIRIT RLTY CAP INC
SRCE,1ST SOURCE CORP
SRCL,STERICYCLE INC
SRDX,SURMODICS INC
SRE,SEMPRA ENERGY
SREV,SERVICESOURCE INTL LLC
SRI,STONERIDGE INC
SRPT,SAREPTA THERAPEUTICS IN
SSD,SIMPSON MANUFACTURING
SSI,STAGE STORES INC
SSNC,SS&C TECHNOLOGIES HLDGS
SSNI,SILVER SPRING NETWORKS
SSP,SCRIPPS E W CO
SSS,SOVRAN SELF STORAGE
SSTK,SHUTTERSTOCK INC
SSYS,STRATASYS LTD
STAA,STAAR SURGICAL CO
STAG,STAG INDL INC
STAR,ISTAR FINANCIAL INC
STBA,S & T BANCORP INC
STBZ,STATE BK FINL CORP
STC,STEWART INFORMATION
STCK,STOCK BUILDING SUP HLD
STE,STERIS CORP
STFC,STATE AUTO FINANCIAL
STI,SUNTRUST BANKS INC
STJ,ST JUDE MEDICAL INC
STL,STERLING BANCORP
STLD,STEEL DYNAMICS INC
STML,STEMLINE THERAPEUTICS
STMP,STAMPS COM INC
STNG,SCORPIO TANKERS INC
STNR,STEINER LEISURE LTD
STR,QUESTAR CORP
STRA,STRAYER EDUCATION INC
STRL,STERLING CONSTRUCTION C
STRT,STRATTEC SEC CORP
STRZA,STARZ
STT,STATE STREET CORP
STWD,STARWOOD PPTY TRUST INC
STZ,CONSTELLATION BRANDS
SUBK,SUFFOLK BANCORP
SUI,SUN COMMUNITIES INC
SUNE,SUNEDISON INC
SUP,SUPERIOR INDUSTRIES INT
SUPN,SUPERNUS PHARMACEUTICAL
SUSQ,SUSQUEHANNA BANCSHARES
SUSS,SUSSER HOLDINGS CORP
SVU,SUPERVALU INC
SWAY,STARWOOD WAYPOINT TRUST
SWC,STILLWATER MINING CO
SWFT,SWIFT TRANSN CO
SWHC,SMITH & WESSON HOLDING
SWI,SOLARWINDS INC
SWK,STANLEY BLACK & DECKER
SWKS,SKYWORKS SOLUTIONS INC
SWM,SCHWEITZER-MAUDUIT INTL
SWN,SOUTHWESTERN ENERGY CO
SWS,SWS GROUP INC
SWX,SOUTHWEST GAS CORP
SWY,SAFEWAY INC
SXC,SUNCOKE ENERGY INC
SXI,STANDEX INTERNATIONAL
SXT,SENSIENT TECHNOLOGIES
SYA,SYMETRA FINANCIAL CORP
SYBT,STOCK YARDS BANCORP INC
SYK,STRYKER CORP
SYKE,SYKES ENTERPRISES INC
SYMC,SYMANTEC CORP
SYNA,SYNAPTICS INC
SYNT,SYNTEL INC
SYRG,SYNERGY RES CORP
SYUT,SYNUTRA INTL INC
SYX,SYSTEMAX INC
SYY,SYSCO CORP
SZMK,SIZMEK INC
SZYM,SOLAZYME INC
T,AT&T INC
TAHO,TAHOE RES INC
TAL,TAL INTERNATIONAL GROUP
TAM,TAMINCO CORP
TAP,MOLSON COORS BREWING CO
TASR,TASER INTL INC
TAST,CARROLS RESTAURANT GRP
TAT,TRANSATLANTIC PETROLEUM
TAX,JTH HLDG INC
TAYC,TAYLOR CAPITAL GROUP IN
TBBK,BANCORP INC
TBI,TRUEBLUE INC
TBNK,TERRITORIAL BANCORP INC
TBPH,THERAVANCE BIOPHARMAA I
TCB,TCF FINANCIAL CORP
TCBI,TEXAS CAPITAL BANCSHARE
TCBK,TRICO BANCSHARES
TCO,TAUBMAN CENTERS INC
TCS,THE CONTAINER STORE GRP
TDC,TERADATA CORP
TDG,TRANSDIGM GROUP INC
TDS,TELEPHONE & DATA SYSTEM
TDW,TIDEWATER INC
TDY,TELEDYNE TECHNOLOGIES
TE,TECO ENERGY INC
TECD,TECH DATA CORP
TECH,TECHNE CORP
TEG,INTEGRYS ENERGY GROUP
TEN,TENNECO INC
TER,TERADYNE INC
TESO,TESCO CORP
TESS,TESSCO TECHNOLOGIES INC
TEX,TEREX CORP
TFM,FRESH MARKET INC
TFSL,TFS FINL CORP
TFX,TELEFLEX INC
TG,TREDEGAR CORP
TGH,TEXTAINER GROUP HLDGS
TGI,TRIUMPH GROUP INC
TGT,TARGET CORP
TGTX,TG THERAPEUTICS INC
THC,TENET HEALTHCARE CORP
THFF,FIRST FINANCIAL CORP
THG,HANOVER INSURANCE GROUP
THLD,THRESHOLD PHARMACEUTICA
THO,THOR INDUSTRIES INC
THOR,THORATEC CORP
THR,THERMON GROUP HLDGS INC
THRM,GENTHERM INC
THRX,THERAVANCE INC
THS,TREEHOUSE FOODS INC
TIBX,TIBCO SOFTWARE INC
TIF,TIFFANY & CO
TILE,INTERFACE INC
TIME,TIME INC
TIPT,TIPTREE FINANCIAL INC
TIS,ORCHIDS PAPER PRODS COM
TISI,TEAM INC
TITN,TITAN MACHINERY INC
TIVO,TIVO INC
TJX,TJX COMPANIES INC
TK,TEEKAY CORP
TKR,TIMKEN CO
TLMR,TALMER BANCORP INC
TLYS,TILLYS INC
TMH,TEAM HEALTH HOLDINGS IN
TMHC,TAYLOR MORRISON HOME
TMK,TORCHMARK CORP
TMO,THERMO FISHER SCIENTIFI
TMP,TOMPKINS FINANCIAL CORP
TMUS,T-MOBILE US INC
TNAV,TELENAV INC
TNC,TENNANT CO
TNDM,TANDEM DIABETES CARE IN
TNET,TRINET GROUP INC
TNGO,TANGOE INC
TNK,TEEKAY TANKERS LTD
TOL,TOLL BROTHERS INC
TOWN,TOWNEBANK PORTSMOUTH VA
TOWR,TOWER INTERNATIONAL INC
TPC,TUTOR PERINI CORP
TPH,TRI POINTE HOMES INC
TPLM,TRIANGLE PETE CORP
TPRE,THIRD POINT REINSURANCE
TPX,TEMPUR SEALY INTL INC
TQNT,TRIQUINT SEMICONDUCTOR
TR,TOOTSIE ROLL INDUSTRIES
TRAK,DEALERTRACK TECHNOLOGIE
TRC,TEJON RANCH CO
TREC,TRECORA RESOURCES
TREE,TREE.COM INC
TREX,TREX INC
TRGP,TARGA RESOURCES INC
TRI,THOMSON REUTERS CORP
TRIP,TRIPADVISOR INC
TRIV,TRIVASCULAR TECHNOLOGIE
TRK,SPEEDWAY MOTORSPORTS IN
TRLA,TRULIA INC
TRMB,TRIMBLE NAVIGATION LTD
TRMK,TRUSTMARK CORP
TRMR,TREMOR VIDEO INC
TRN,TRINITY INDUSTRIES INC
TRNO,TERRENO REALTY CORP
TRNX,TORNIER N V
TROW,PRICE T ROWE GROUP INC
TROX,TRONOX LTD
TRS,TRIMAS CORP
TRST,TRUSTCO BANK CORP NY
TRUE,TRUECAR INC
TRV,TRAVELERS COS INC
TRW,TRW AUTOMOTIVE HLDGS
TRXC,TRANSENTERIX INC
TSC,TRISTATE CAP HLDGS INC
TSCO,TRACTOR SUPPLY CO
TSLA,TESLA MTRS INC
TSN,TYSON FOODS INC
TSO,TESORO CORP
TSRA,TESSERA TECHNOLOGIES IN
TSRE,TRADE STREET RESIDENTIA
TSRO,TESARO INC
TSS,TOTAL SYSTEM SERVICES
TSYS,TELECOMMUNICATION SYSTE
TTC,TORO CO
TTEC,TELETECH HOLDINGS INC
TTEK,TETRA TECH INC
TTGT,TECHTARGET INC
TTI,TETRA TECHNOLOGIES INC
TTMI,TTM TECHNOLOGIES INC
TTPH,TETRAPHASE PHARMA INC
TTS,TILE SHOP HLDGS INC
TTWO,TAKE-TWO INTERACTIVE
TUES,TUESDAY MORNING CORP
TUMI,TUMI HLDGS INC
TUP,TUPPERWARE BRANDS CORP
TW,TOWERS WATSON & COMPANY
TWC,TIME WARNER CABLE INC
TWI,TITAN INTERNATIONAL INC
TWIN,TWIN DISC INC
TWO,TWO HBRS INVT CORP
TWOU,2U INC
TWTC,TW TELECOM INC
TWTR,TWITTER INC
TWX,TIME WARNER INC
TXI,TEXAS INDUSTRIES INC
TXMD,THERAPEUTICSMD INC
TXN,TEXAS INSTRUMENTS INC
TXRH,TEXAS ROADHOUSE INC
TXT,TEXTRON INC
TXTR,TEXTURA CORPORATION
TYC,TYCO INTERNATIONAL LTD
TYL,TYLER TECHNOLOGIES INC
TYPE,MONOTYPE IMAGING HLDG
TZOO,TRAVELZOO INC
UA,UNDER ARMOUR INC
UACL,UNIVERSAL TRUCKLOAD SVC
UAL,UNITED CONTINENTAL HLDG
UAM,UNIVERSAL AMERICAN CORP
UBA,URSTADT BIDDLE PPTYS IN
UBNK,UNITED FINANCIAL BANCOR
UBNT,UBIQUITI NETWORKS INC
UBSH,UNION BANKSHARES CORP
UBSI,UNITED BANKSHARES INC
UCBI,UNITED COMMUNITY BANKS
UCFC,UNITED CMNTY FINL CO
UCP,UCP INC
UCTT,ULTRA CLEAN HOLDINGS IN
UDR,UDR INC
UEIC,UNIVERSAL ELECTRONICS
UFCS,UNITED FIRE GROUP INC
UFI,UNIFI INC
UFPI,UNIVERSAL FOREST PRODS
UFPT,UFP TECHNOLOGIES INC
UFS,DOMTAR CORPORATION
UGI,UGI CORP
UHAL,AMERCO
UHS,UNIVERSAL HEALTH SVCS
UHT,UNIVERSAL HEALTH REALTY
UIHC,UNITED INS HLDGS CORP
UIL,UIL HOLDINGS CORP
UIS,UNISYS CORP
ULTA,ULTA SALON COSMETICS
ULTI,ULTIMATE SOFTWARE GROUP
ULTR,ULTRAPETROL BAHAMAS LTD
UMBF,UMB FINANCIAL CORP
UMH,UMH PROPERTIES INC
UMPQ,UMPQUA HOLDINGS CORP
UNF,UNIFIRST CORP MASS
UNFI,UNITED NATURAL FOODS IN
UNH,UNITEDHEALTH GROUP INC
UNIS,UNILIFE CORP NEW
UNM,UNUM GROUP
UNP,UNION PACIFIC CORP
UNS,UNS ENERGY CORPORATION
UNT,UNIT CORP
UPIP,UNWIRED PLANET INC
UPL,ULTRA PETROLEUM CORP
UPS,UNITED PARCEL SERVICE
URBN,URBAN OUTFITTERS INC
URI,UNITED RENTALS INC
URS,URS CORP
USAK,USA TRUCK INC
USAP,UNIVERSAL STAINLESS & A
USB,US BANCORP
USCR,U S CONCRETE INC
USG,U S G CORP
USLM,UNITED STATES LIME & MI
USM,UNITED STATES CELLULAR
USMO,USA MOBILITY INC
USNA,USANA HEALTH SCIENCES
USPH,U S PHYSICAL THERAPY IN
USTR,UNITED STATIONERS INC
UTEK,ULTRATECH INC
UTHR,UNITED THERAPEUTICS
UTI,UNIVERSAL TECHNICAL INS
UTIW,UTI WORLDWIDE INC
UTL,UNITIL CORP
UTMD,UTAH MED PRODS INC
UTX,UNITED TECHNOLOGIES
UVE,UNIVERSAL INSURANCE
UVSP,UNIVEST CORP OF PENN
UVV,UNIVERSAL CORP
V,VISA INC
VAC,MARRIOTT VAC WORLD CORP
VAL,VALSPAR CORP
VAR,VARIAN MEDICAL SYSTEMS
VASC,VASCULAR SOLUTIONS INC
VC,VISTEON CORP
VCRA,VOCERA COMMUNICATIONS
VCYT,VERACYTE INC
VDSI,VASCO DATA SECURITY INT
VECO,VEECO INSTRUMENTS INC
VEEV,VEEVA SYSTEMS INC
VFC,V F CORP
VG,VONAGE HLDGS CORP
VGR,VECTOR GROUP LTD
VHC,VIRNETX HOLDING CORP
VIAB,VIACOM INC
VIAS,VIASYSTEMS GROUP INC
VICR,VICOR CORP
VITC,VITACOST COM INC
VIVO,MERIDIAN BIOSCIENCE INC
VLCCF,KNIGHTSBRIDGE TANKERS
VLGEA,VILLAGE SUPER MARKET IN
VLO,VALERO ENERGY CORP
VLY,VALLEY NATIONAL BANCORP
VMC,VULCAN MATERIALS CO
VMEM,VIOLIN MEMORY INC
VMI,VALMONT INDUSTRIES INC
VMW,VMWARE INC
VNCE,VINCE HOLDING CORP
VNDA,VANDA PHARMACEUTICALS
VNO,VORNADO REALTY TRUST
VNTV,VANTIV INC
VOLC,VOLCANO CORP
VOXX,VOXX INTERNATIONAL CORP
VOYA,VOYA FINANCIAL INC
VPFG,VIEWPOINT FINL GROUP
VPG,VISHAY PRECISION GROUP
VPRT,VISTAPRINT N V
VR,VALIDUS HOLDINGS LTD
VRA,VERA BRADLEY INC
VRNG,VRINGO INC
VRNS,VARONIS SYSTEMS INC
VRNT,VERINT SYS INC
VRSK,VERISK ANALYTICS INC
VRSN,VERISIGN INC
VRTS,VIRTUS INVESTMENT PTNRS
VRTU,VIRTUSA CORP
VRTX,VERTEX PHARMACEUTICALS
VSAR,VERSARTIS INC
VSAT,VIASAT INC
VSB,VANTAGESOUTH BANCSHARES
VSEC,VSE CORP
VSH,VISHAY INTERTECHNOLOGY
VSI,VITAMIN SHOPPE INC
VSTM,VERASTEM INC
VTG,VANTAGE DRILLING COMPAN
VTL,VITAL THERAPIES INC
VTNR,VERTEX ENERGY INC
VTR,VENTAS INC
VTSS,VITESSE SEMICONDUCTOR
VVC,VECTREN CORP
VVI,VIAD CORP
VVTV,VALUEVISION MEDIA INC
VVUS,VIVUS INC
VZ,VERIZON COMMUNICATIONS
WAB,WABTEC CORP
WABC,WESTAMERICA BANCORP
WAC,WALTER INV MGMT CORP
WAFD,WASHINGTON FED INC
WAG,WALGREEN CO
WAGE,WAGEWORKS INC
WAIR,WESCO AIRCRAFT HLDGS IN
WAL,WESTERN ALLIANCE BANCOR
WASH,WASHINGTON TRUST BANCOR
WAT,WATERS CORP
WBC,WABCO HOLDINGS INC
WBMD,WEBMD HEALTH CORP
WBS,WEBSTER FINANCIAL CORP
WCC,WESCO INTERNATIONAL INC
WCG,WELLCARE GROUP INC
WCIC,WCI COMMUNITIES INC
WCN,WASTE CONNECTIONS INC
WD,WALKER & DUNLOP INC
WDAY,WORKDAY INC
WDC,WESTERN DIGITAL CORP
WDFC,WD-40 CO
WDR,WADDELL & REED FINANCIA
WEC,WISCONSIN ENERGY CORP
WEN,THE WENDY'S COMPANY
WERN,WERNER ENTERPRISES INC
WETF,WISDOMTREE INVTS INC
WEX,WEX INC
WEYS,WEYCO GROUP INC
WFC,WELLS FARGO & CO
WFM,WHOLE FOODS MARKET INC
WG,WILLBROS GROUP INC
WGL,WGL HOLDINGS INC
WGO,WINNEBAGO INDUSTRIES IN
WHG,WESTWOOD HOLDINGS GROUP
WHR,WHIRLPOOL CORP
WIBC,WILSHIRE BANCORP INC
WIFI,BOINGO WIRELESS INC
WIN,WINDSTREAM HOLDINGS INC
WINA,WINMARK CORP
WIRE,ENCORE WIRE CORP
WIX,WIX LTD
WLB,WESTMORELAND COAL CO
WLH,WILLIAM LYON HOMES
WLK,WESTLAKE CHEMICAL CORP
WLL,WHITING PETROLEUM CORP
WLP,WELLPOINT INC
WLT,WALTER ENERGY INC
WM,WASTE MGMT INC
WMAR,WEST MARINE INC
WMB,WILLIAMS COMPANIES INC
WMC,WESTERN ASSET MTG CAP
WMGI,WRIGHT MEDICAL GROUP IN
WMK,WEIS MARKETS INC
WMT,WAL MART STORES INC
WNC,WABASH NATIONAL CORP
WNR,WESTERN REFINING INC
WOOF,VCA INC
WOR,WORTHINGTON INDUSTRIES
WPC,W P CAREY INC
WPG,WASHINGTON PRIME GROUP
WPP,WAUSAU PAPER CORP
WPX,WPX ENERGY INC
WR,WESTAR ENERGY INC
WRB,BERKLEY W R CORP
WRE,WASHINGTON REAL ESTATE
WRES,WARREN RESOURCES INC
WRI,WEINGARTEN RLTY INVS
WRLD,WORLD ACCEPTANCE CORP
WSBC,WESBANCO INC
WSBF,WATERSTONE FINANCIAL IN
WSFS,WSFS FINANCIAL CORP
WSM,WILLIAMS SONOMA INC
WSO,WATSCO INC
WSR,WHITESTONE REIT
WST,WEST PHARMACEUTICAL SVC
WSTC,WEST CORP
WTBA,WEST BANCORPORATION INC
WTFC,WINTRUST FINANCIAL CORP
WTI,W&T OFFSHORE INC
WTM,WHITE MTNS INS GROUP LT
WTR,AQUA AMERICA INC
WTS,WATTS WATER TECH INC
WTW,WEIGHT WATCHERS INTL IN
WU,WESTERN UNION CO
WWAV,WHITEWAVE FOODS COMPANY
WWD,WOODWARD INC
WWE,WORLD WRESTLING ENTMNT
WWW,WOLVERINE WORLD WIDE
WWWW,WEB.COM GROUP INC
WY,WEYERHAEUSER CO
WYN,WYNDHAM WORLDWIDE CORP
WYNN,WYNN RESORTS LTD
X,UNITED STATES STEEL COR
XCO,EXCO RESOURCES INC
XCRA,XCERRA CORPORATION
XEC,CIMAREX ENERGY CO
XEL,XCEL ENERGY INC
XL,XL GROUP PLC
XLNX,XILINX INC
XLRN,ACCELERON PHARMA INC
XLS,EXELIS INC
XNCR,XENCOR INC
XNPT,XENOPORT INC
XOM,EXXON MOBIL CORP
XOMA,XOMA CORPORATION
XON,INTREXON CORP
XONE,EXONE COMPANY
XOOM,XOOM CORPORATION
XOXO,XO GROUP INC
XPO,XPO LOGISTICS INC
XRAY,DENTSPLY INTERNATIONAL
XRM,XERIUM TECHNOLOGIES INC
XRX,XEROX CORP
XXIA,IXIA
XXII,22ND CENTY GROUP INC
XYL,XYLEM INC
Y,ALLEGHANY CORP
YDKN,YADKIN FINANCIAL CORP
YELP,YELP INC
YHOO,YAHOO INC
YORW,YORK WATER COMPANY
YRCW,YRC WORLDWIDE INC
YUM,YUM! BRANDS INC
YUME,YUME INC
Z,ZILLOW INC
ZBRA,ZEBRA TECHNOLOGIES CORP
ZEN,ZENDESK INC
ZEP,ZEP INC
ZEUS,OLYMPIC STEEL INC
ZGNX,ZOGENIX INC
ZINC,HORSEHEAD HOLDING CORP
ZION,ZIONS BANCORPORATION
ZIOP,ZIOPHARM ONCOLOGY INC
ZIXI,ZIX CORP
ZLTQ,ZELTIQ AESTHETICS INC
ZMH,ZIMMER HOLDINGS INC
ZNGA,ZYNGA INC
ZOES,ZOES KITCHEN INC
ZQK,QUIKSILVER INC
ZTS,ZOETIS INC
ZU,ZULILY INC
ZUMZ,ZUMIEZ INC
