date,nav_terminal_corrected,allocation_terminal_corrected,parent_allocation_terminal_corrected,shadow_equity_terminal_corrected,open_shadow_equity_terminal_corrected,shadow_dd_terminal_corrected,damaged_terminal_corrected,green_terminal_corrected,r20_terminal_corrected,r40_terminal_corrected,stops20_terminal_corrected,stress_duration_terminal_corrected,nav_issuer_corrected,allocation_issuer_corrected,parent_allocation_issuer_corrected,shadow_equity_issuer_corrected,open_shadow_equity_issuer_corrected,shadow_dd_issuer_corrected,damaged_issuer_corrected,green_issuer_corrected,r20_issuer_corrected,r40_issuer_corrected,stops20_issuer_corrected,stress_duration_issuer_corrected,nav_delta,shadow_equity_delta,allocation_delta,parent_allocation_delta,damaged_delta,green_delta
2025-12-23,35.470280969375345,1.0,1.0,11372831902.95817,11337158668.50142,-0.0003978881439195,0.24,0.56,0.0662382112040578,0.0695984489653405,0,0,35.47022986487237,1.0,1.0,11372815517.327557,11337158668.50142,-0.000399328340267,0.24,0.56,0.0662366750004432,0.0695969079203975,0,0,-5.1104502972521004e-05,-16385.630613327026,0.0,0.0,0.0,0.0
2025-12-24,35.73235869945324,1.0,1.0,11456861853.898172,11396953541.098171,0.0,0.24,0.6,0.0663798001310791,0.0939140895229317,0,0,35.73231424445531,1.0,1.0,11456847600.297558,11396941459.93756,0.0,0.24,0.64,0.0663784734369139,0.0939127285730714,0,0,-4.4454997933485174e-05,-14253.60061454773,0.0,0.0,0.0,0.040000000000000036
2025-12-26,35.66687315758372,1.0,1.0,11435865232.518171,11488783162.153172,-0.0018326677625823,0.24,0.52,0.0543557272755226,0.0764725500642573,0,0,35.66680676735624,1.0,1.0,11435843945.827557,11488762157.12256,-0.0018332839191694,0.2,0.56,0.0543537647004388,0.0764705463209756,0,0,-6.639022748089474e-05,-21286.690614700317,0.0,0.0,-0.03999999999999998,0.040000000000000036
2025-12-29,35.26940083792114,1.0,1.0,11308423730.673174,11332680355.893171,-0.0129562636887773,0.28,0.4,0.0372542139992564,0.0568282826455353,0,0,35.26928301964199,1.0,1.0,11308385954.612558,11332664530.592556,-0.0129583329432734,0.28,0.44,0.0372507490266842,0.0568247522853173,0,0,-0.0001178182791505833,-37776.06061553955,0.0,0.0,0.0,0.03999999999999998
2025-12-30,35.034876682471456,1.0,1.0,11233228279.038174,11348187992.57817,-0.0195196186976722,0.32,0.36,0.0399318746386483,0.0492514878981524,0,0,35.03475007602194,1.0,1.0,11233187685.227558,11348151065.047554,-0.019521942062334,0.32,0.4,0.0399281166096538,0.0492476961906283,0,0,-0.0001266064495126784,-40593.81061553955,0.0,0.0,0.0,0.040000000000000036
2025-12-31,34.74254620812742,1.0,1.0,11139498394.358171,11235374314.143171,-0.0277007319794134,0.36,0.28,0.0409575854796266,0.0363051424429903,0,0,34.74243233358552,1.0,1.0,11139461882.777555,11235335989.622557,-0.0277027092087492,0.36,0.32,0.040954173565961,0.0363017457784895,0,0,-0.00011387454190270319,-36511.580615997314,0.0,0.0,0.0,0.03999999999999998
2026-01-02,35.73344781034288,1.0,1.0,11457211055.391172,11221630365.488173,0.0,0.24,0.44,0.0765187099402502,0.0741069598740351,0,0,35.7333409596941,1.0,1.0,11457176795.880558,11221585356.697556,0.0,0.24,0.48,0.076515490919147,0.0741037480645803,0,0,-0.00010685064878401818,-34259.51061439514,0.0,0.0,0.0,0.03999999999999998
2026-01-05,35.59870606220737,1.0,1.0,11414008824.96117,11567756819.696173,-0.0037707457967856,0.28,0.52,0.0547285643752266,0.0639915341725343,0,0,35.59852870973869,1.0,1.0,11413951960.460556,11567715049.955557,-0.0037727300704256,0.28,0.56,0.0547233097259605,0.0639862333752268,0,0,-0.00017735246868255672,-56864.50061416626,0.0,0.0,0.0,0.040000000000000036
2026-01-06,37.08010576026997,1.0,1.0,11888989831.221174,11422571476.206173,0.0,0.28,0.56,0.0926524053358341,0.1127379805178319,0,0,37.079973775656704,1.0,1.0,11888947513.01056,11422520180.655558,0.0,0.28,0.6,0.0926485160992149,0.1127340197877038,0,0,-0.0001319846132687985,-42318.21061515808,0.0,0.0,0.0,0.039999999999999925
2026-01-07,36.91116671587243,1.0,1.0,11834822925.821173,11821977264.149176,-0.004556056163641,0.24,0.6,0.0854581779278615,0.0951346976895681,0,0,36.91101658419809,1.0,1.0,11834774789.120558,11821941080.578558,-0.0045565617840199,0.24,0.6,0.0854537629589458,0.0951302433625869,0,0,-0.0001501316743457437,-48136.7006149292,0.0,0.0,0.0,0.0
2026-01-08,35.96778042302323,1.0,1.0,11532345092.691174,11848885782.711172,-0.0299979008808158,0.44,0.36,0.0590423813872347,0.0536745262218116,0,0,35.96758665074984,1.0,1.0,11532282963.51056,11848814767.110558,-0.0299996739921417,0.44,0.36,0.0590366759184108,0.053668849671689,0,0,-0.00019377227339134606,-62129.180614471436,0.0,0.0,0.0,0.0
2026-01-09,36.6748324617307,1.0,1.0,11759047102.461174,11540748853.549171,-0.0109296694340476,0.36,0.4,0.0701323944782195,0.0795071719949214,0,0,36.67463592071971,1.0,1.0,11758984085.540558,11540691650.388556,-0.010931449342154,0.36,0.4,0.0701266596216818,0.0795013868988019,0,0,-0.00019654101099320087,-63016.9206161499,0.0,0.0,0.0,0.0
2026-01-12,37.29164341039761,1.0,1.0,11956815122.431171,11788438834.881172,0.0,0.2,0.52,0.0713524742971138,0.1005875448854007,0,0,37.29144104647328,1.0,1.0,11956750238.510555,11788384235.550556,0.0,0.2,0.52,0.0713466605793151,0.1005815725228473,0,0,-0.00020236392433048422,-64883.9206161499,0.0,0.0,0.0,0.0
2026-01-13,37.71033806265015,1.0,1.0,12091061138.21117,11962096787.896172,0.0,0.16,0.6,0.1141076028544598,0.1337780066783036,0,0,37.71023010770627,1.0,1.0,12091026524.630554,11962025235.745558,0.0,0.16,0.6,0.1141044134525632,0.1337747609651287,0,0,-0.00010795494387849658,-34613.580615997314,0.0,0.0,0.0,0.0
2026-01-14,37.68374791821056,1.0,1.0,12082535543.411177,12076218768.03717,-0.0007051155148865,0.2,0.6,0.1113797509847678,0.1314192900994839,0,0,37.68367653556003,1.0,1.0,12082512656.00056,12076186209.236555,-0.000704147709266,0.2,0.6,0.1113776457474506,0.1314171469021576,0,0,-7.13826505247539e-05,-22887.41061592102,0.0,0.0,0.0,0.0
2026-01-15,38.28790787427526,1.0,1.0,12276247277.15117,12191281730.966175,0.0,0.2,0.64,0.1342770971252076,0.1460483149254683,0,0,38.28780889279327,1.0,1.0,12276215540.730556,12191253211.62556,0.0,0.2,0.64,0.134274164804423,0.1460453521738598,0,0,-9.898148199027901e-05,-31736.420614242554,0.0,0.0,0.0,0.0
2026-01-16,38.18715250581423,1.0,1.0,12243942095.531174,12360707826.291174,-0.0026315192982568,0.2,0.72,0.136227452715296,0.1453232556186448,0,0,38.18705671932455,1.0,1.0,12243911383.520555,12360656959.83056,-0.0026314426545231,0.2,0.72,0.1362246026667317,0.1453203827546838,0,0,-9.578648968044945e-05,-30712.01061820984,0.0,0.0,0.0,0.0
2026-01-20,38.39454623038743,1.0,1.0,12310438720.391176,12162045476.421171,0.0,0.24,0.52,0.1235828331128363,0.1528949712896727,0,0,38.39449232754888,1.0,1.0,12310421437.53056,12162023020.350555,0.0,0.24,0.52,0.1235812556933848,0.1528933527183493,0,0,-5.3902838544672704e-05,-17282.86061668396,0.0,0.0,0.0,0.0
2026-01-21,38.96637391609305,1.0,1.0,12493783762.191172,12422315405.181175,0.0,0.28,0.56,0.1138263065888285,0.1931609478284113,0,0,38.96627508281934,1.0,1.0,12493752073.290558,12422299016.01056,0.0,0.28,0.56,0.1138234815094287,0.1931579215267391,0,0,-9.883327371085215e-05,-31688.90061378479,0.0,0.0,0.0,0.0
2026-01-22,38.81328658212385,1.0,1.0,12444699388.791174,12571670596.686172,-0.0039287036124746,0.4,0.48,0.0938126841753501,0.1820001660569239,0,0,38.81317157359532,1.0,1.0,12444662513.62056,12571626437.685558,-0.0039291286862449,0.4,0.48,0.0938094430742124,0.181996663645461,0,0,-0.00011500852853174592,-36875.170614242554,0.0,0.0,0.0,0.0
2026-01-23,38.4341251946157,1.0,1.0,12323128918.911177,12446260726.421171,-0.0136591801593712,0.36,0.48,0.0835585212251157,0.1553314994059815,0,0,38.43399098254314,1.0,1.0,12323085886.51056,12446219459.440556,-0.0136601227380566,0.36,0.44,0.0835562985907207,0.1553274649851577,0,0,-0.0001342120725595919,-43032.40061759949,0.0,0.0,0.0,-0.03999999999999998
2026-01-26,38.78734332677177,1.0,1.0,12436381205.961172,12381094267.096176,-0.0045944893334645,0.4,0.52,0.0854963047084067,0.1575513324579758,0,0,38.78718603422393,1.0,1.0,12436330773.270555,12381042309.04356,-0.0045960012399123,0.4,0.52,0.0854932532180632,0.1575466382927477,0,0,-0.00015729254783991564,-50432.690616607666,0.0,0.0,0.0,0.0
2026-01-27,39.60550449868649,1.0,1.0,12698708123.691175,12529267120.716171,0.0,0.36,0.56,0.1104282767850461,0.1707864133570027,0,0,39.60531884752148,1.0,1.0,12698648598.38056,12529211934.935556,0.0,0.36,0.56,0.1104251385848742,0.1707809252849688,0,0,-0.0001856511650117909,-59525.31061553955,0.0,0.0,0.0,0.0
2026-01-28,40.29784705572763,1.0,1.0,12920693834.131172,12753526976.216175,0.0,0.32,0.44,0.1425724877185887,0.1851381276857198,0,0,40.29759137347239,1.0,1.0,12920611854.760555,12753461569.40556,0.0,0.32,0.4,0.1425690550905181,0.1851306082073507,0,0,-0.0002556822552364224,-81979.37061691284,0.0,0.0,0.0,-0.03999999999999998
2026-01-29,40.2410611241902,1.0,1.0,12902486567.761171,12974637706.271172,-0.0014091554682538,0.32,0.52,0.1486000504269933,0.194465803650589,0,0,40.24080026765112,1.0,1.0,12902402929.360558,12974545422.100555,-0.0014092928109508,0.32,0.48,0.148596755516525,0.1944580607082591,0,0,-0.0002608565390858075,-83638.40061378479,0.0,0.0,0.0,-0.040000000000000036
2026-01-30,39.5822804592482,1.0,1.0,12691261802.731176,13101732982.901173,-0.0177569435779005,0.24,0.52,0.1393028082089338,0.18596590036333,0,0,39.581982815432696,1.0,1.0,12691166369.23056,13101639831.180555,-0.0177580975350991,0.24,0.48,0.1392979753224932,0.1859569823471987,0,0,-0.0002976438155073424,-95433.50061607361,0.0,0.0,0.0,-0.040000000000000036
2026-02-02,40.79966589168132,1.0,1.0,13081591946.891174,12671786444.531174,0.0,0.24,0.68,0.1417780368753574,0.2291454192951711,0,0,40.79935901497708,1.0,1.0,13081493553.050558,12671693485.32056,0.0,0.24,0.64,0.1417728630803729,0.2291361742171278,0,0,-0.00030687670424356384,-98393.8406162262,0.0,0.0,0.0,-0.040000000000000036
2026-02-03,41.73489677273174,1.0,1.0,13381454911.321173,13347276907.581173,0.0,0.24,0.68,0.1723711726994126,0.2365333638961524,0,0,41.73462081582208,1.0,1.0,13381366431.290558,13347175524.870558,0.0,0.24,0.64,0.1723692615533503,0.2365251877665299,0,0,-0.0002759569096539849,-88480.0306148529,0.0,0.0,0.0,-0.040000000000000036
2026-02-04,39.86393399291416,1.0,1.0,12781568341.21117,13337792312.611174,-0.0448296970759493,0.4,0.44,0.0750760596704382,0.1746844425178753,0,0,39.86367417043344,1.0,1.0,12781485034.360556,13337697421.050558,-0.0448296069022711,0.4,0.4,0.0750728792749109,0.1746767862382419,0,0,-0.0002598224807215388,-83306.85061454773,0.0,0.0,0.0,-0.03999999999999998
2026-02-05,40.178442061771214,1.0,1.0,12882409025.341171,12625610392.71117,-0.0372938435534232,0.36,0.44,0.0885172601302197,0.1815399618239763,0,0,40.17814569662631,1.0,1.0,12882314001.82056,12625571007.520555,-0.0372945791472409,0.4,0.4,0.0885136583809758,0.1815312465218383,0,0,-0.00029636514490505306,-95023.52061080933,0.0,0.0,0.040000000000000036,-0.03999999999999998
2026-02-06,41.55365869089065,1.0,1.0,13323344567.031178,13207064483.741173,-0.004342602854106,0.32,0.6,0.1553022789332832,0.2235140767036034,0,0,41.55387242149977,1.0,1.0,13323413095.450562,13207081698.445557,-0.0043308982036752,0.32,0.6,0.1553144453363952,0.2235203698295786,0,0,0.00021373060911855646,68528.41938400269,0.0,0.0,0.0,0.0
2026-02-09,42.01716694443682,1.0,1.0,13471959162.381174,13336009668.646172,0.0,0.28,0.52,0.1456675906639992,0.2260160020733581,0,0,42.01754867707413,1.0,1.0,13472081557.27056,13336098931.475555,0.0,0.28,0.56,0.1456841389756205,0.2260271406235237,0,0,0.0003817326373081187,122394.88938522339,0.0,0.0,0.0,0.040000000000000036
2026-02-10,41.40067203022762,1.0,1.0,13274292472.501177,13410369670.591171,-0.0146724531671651,0.4,0.48,0.1101863110351513,0.1894008512582947,0,0,41.40106334787305,1.0,1.0,13274417940.63056,13410494376.950558,-0.0146720917476427,0.36,0.52,0.1102028290158667,0.1894120934318572,0,0,0.00039131764543043346,125468.12938308716,0.0,0.0,-0.040000000000000036,0.040000000000000036
2026-02-11,42.24296741249393,1.0,1.0,13544357539.181175,13532280066.166172,0.0,0.36,0.52,0.1201959351919226,0.2480188080839829,0,0,42.243359389809626,1.0,1.0,13544483218.82056,13532412378.425556,0.0,0.32,0.56,0.1202095364880042,0.2480303885929358,0,0,0.00039197731569373673,125679.63938522339,0.0,0.0,-0.03999999999999998,0.040000000000000036
2026-02-12,42.37357197599386,1.0,1.0,13586233264.601175,13786593251.99117,0.0,0.32,0.52,0.1244521661688795,0.249693368431052,0,0,42.37397293790577,1.0,1.0,13586361824.970562,13786717925.040556,0.0,0.28,0.56,0.1244649363742351,0.2497051937131544,0,0,0.0004009619119074159,128560.36938667297,0.0,0.0,-0.03999999999999998,0.040000000000000036
2026-02-13,42.82219415456888,1.0,1.0,13730074939.531174,13498550271.576174,0.0,0.32,0.64,0.1184260653567885,0.2686050707620659,0,0,42.82258930460822,1.0,1.0,13730201636.44056,13498674140.640558,0.0,0.28,0.68,0.1184392772256159,0.2686167770595482,0,0,0.0003951500393455376,126696.90938568115,0.0,0.0,-0.03999999999999998,0.040000000000000036
2026-02-17,42.8615340824036,1.0,1.0,13742688495.841171,13577741828.961174,0.0,0.36,0.64,0.1224071780653892,0.2753098488426009,0,0,42.86201696587586,1.0,1.0,13742843322.710558,13577877952.42056,0.0,0.32,0.68,0.1224226386681839,0.2753242166449019,0,0,0.00048288347225877715,154826.86938667297,0.0,0.0,-0.03999999999999998,0.040000000000000036
2026-02-18,43.11518204961406,1.0,1.0,13824015612.931175,13776460753.377174,0.0,0.28,0.6,0.1229506865610639,0.2617281138522849,0,0,43.11569329173469,1.0,1.0,13824179532.430565,13776609860.366558,0.0,0.24,0.64,0.1229655786019667,0.2617430749060463,0,0,0.0005112421206234785,163919.49938964844,0.0,0.0,-0.040000000000000036,0.040000000000000036
2026-02-19,43.57515882648449,1.0,1.0,13971497911.341171,13806822987.376177,0.0,0.24,0.68,0.1182759504468036,0.2455651716332749,0,0,43.57567730373868,1.0,1.0,13971664150.640558,13806983827.665562,0.0,0.2,0.72,0.1182920926139967,0.2455799919397865,0,0,0.00051847725418952,166239.29938697815,0.0,0.0,-0.03999999999999998,0.039999999999999925
2026-02-20,44.24325946116016,1.0,1.0,14185710937.141172,13940697719.426174,0.0,0.2,0.72,0.1398998476345769,0.2468369120322493,0,0,44.24365685746551,1.0,1.0,14185838354.270555,13940854768.65556,0.0,0.16,0.76,0.1399134640046926,0.246848111215769,0,0,0.00039739630535251536,127417.12938308716,0.0,0.0,-0.04000000000000001,0.040000000000000036
2026-02-23,44.36944057443931,1.0,1.0,14226168372.251171,14175190100.27617,0.0,0.28,0.68,0.1544282678419095,0.2508905867632514,0,0,44.369921334185605,1.0,1.0,14226322518.190556,14175309872.295555,0.0,0.24,0.72,0.154444807835298,0.2509059429052915,0,0,0.0004807597462956892,154145.93938446045,0.0,0.0,-0.040000000000000036,0.039999999999999925
2026-02-24,44.77119948054968,1.0,1.0,14354984281.791174,14358450275.401176,0.0,0.2,0.64,0.1542734211870533,0.2529595333216767,0,0,44.77173258014665,1.0,1.0,14355155209.45056,14358601358.77056,0.0,0.16,0.68,0.1542918462979561,0.2529760114010531,0,0,0.0005330995969643482,170927.65938568115,0.0,0.0,-0.04000000000000001,0.040000000000000036
2026-02-25,45.494707627380656,1.0,1.0,14586962611.521175,14490575278.921171,0.0,0.16,0.72,0.1486965815292031,0.2755451655763463,0,0,45.49526519007514,1.0,1.0,14587141382.78056,14490748840.130558,0.0,0.12,0.76,0.1487160440553365,0.2755631724148157,0,0,0.0005575626944818168,178771.25938415527,0.0,0.0,-0.04000000000000001,0.040000000000000036
2026-02-26,45.71541515405627,1.0,1.0,14657728039.141174,14652667253.681171,0.0,0.2,0.72,0.1344381522624946,0.2961778217934376,0,0,45.71599520788606,1.0,1.0,14657914021.73056,14652844758.080557,0.0,0.16,0.76,0.1344597443603183,0.2961985981519996,0,0,0.0005800538297933144,185982.58938598633,0.0,0.0,-0.04000000000000001,0.040000000000000036
2026-02-27,45.24669426451343,1.0,1.0,14507442116.941174,14466989890.486172,-0.0102530161426577,0.28,0.6,0.1243911815564471,0.2914757678354016,0,0,45.24728683904157,1.0,1.0,14507632114.040558,14467178554.145555,-0.0102526121702725,0.24,0.64,0.1244131960122838,0.2914973487996757,0,0,0.0005925745281416539,189997.09938430786,0.0,0.0,-0.040000000000000036,0.040000000000000036
2026-03-02,45.43206040891762,1.0,1.0,14566876041.43217,14544513565.781172,-0.0061982319133222,0.3333333333333333,0.625,0.1477878455156729,0.3076779156240878,1,0,45.43260893502447,1.0,1.0,14567051915.291555,14544716560.630556,-0.0061988429120473,0.2916666666666667,0.6666666666666666,0.147810334486595,0.3076979901348118,1,0,0.0005485261068471914,175873.85938453674,0.0,0.0,-0.04166666666666663,0.04166666666666663
2026-03-03,43.769713231999,1.0,1.0,14033877866.882174,14144783547.693174,-0.0425611780074719,0.4166666666666667,0.5416666666666666,0.0727958740692342,0.2248947670627534,1,0,43.77025837030555,1.0,1.0,14034052654.51156,14144953844.252558,-0.0425614017311137,0.375,0.5833333333333334,0.0728173046600531,0.2249136855038775,1,0,0.00054513830654912,174787.62938690186,0.0,0.0,-0.041666666666666685,0.04166666666666674
2026-03-04,44.51462733920644,1.0,1.0,14272719587.102177,14242409246.487171,-0.026266584494602,0.375,0.5416666666666666,0.0666044672785888,0.2504563301098315,1,0,44.51533658395912,1.0,1.0,14272946992.161562,14242603822.546558,-0.0262634252730831,0.3333333333333333,0.5833333333333334,0.0666285140197759,0.2504824833331123,1,0,0.0007092447526773071,227405.05938529968,0.0,0.0,-0.041666666666666685,0.04166666666666674
2026-03-05,43.39421948486447,1.0,1.0,13913483352.092176,14041660715.312172,-0.050774900793739,0.4583333333333333,0.4166666666666667,0.0885583819343522,0.1702830559712116,1,0,43.39496384892676,1.0,1.0,13913722017.45156,14041882143.791555,-0.050770662399556,0.4166666666666667,0.4583333333333333,0.0885841496545356,0.1703072961021321,1,0,0.0007443640622852854,238665.3593826294,0.0,0.0,-0.04166666666666663,0.04166666666666663
2026-03-06,42.46611565499713,1.0,1.0,13615905533.22217,13657634889.438171,-0.0710766704865161,0.4583333333333333,0.4166666666666667,0.0569378372040605,0.1504950786813241,1,0,42.46678605159245,1.0,1.0,13616120482.401556,13657868257.977556,-0.0710737924771922,0.4166666666666667,0.4583333333333333,0.0569623190738322,0.1505179207058971,1,0,0.0006703965953178681,214949.17938613892,0.0,0.0,-0.04166666666666663,0.04166666666666663
2026-03-09,43.99856992199149,1.0,1.0,14107256159.75217,13526108380.012177,-0.0375550615974763,0.4583333333333333,0.375,0.0588374479678919,0.2232773166572073,1,0,43.999255904626416,1.0,1.0,14107476106.281555,13526329323.581558,-0.0375522679852652,0.4166666666666667,0.4166666666666667,0.0588485101538076,0.2233029792036147,1,0,0.0006859826349270293,219946.52938461304,0.0,0.0,-0.04166666666666663,0.041666666666666685
2026-03-10,44.54923970545611,1.0,1.0,14283817345.912174,14160122039.582176,-0.0255094576888402,0.4583333333333333,0.4583333333333333,0.0602628150624162,0.2147087448031877,1,0,44.54993728211343,1.0,1.0,14284041009.831558,14160333763.411562,-0.0255065633039415,0.4166666666666667,0.5,0.0602697845250799,0.2147342751654828,1,0,0.0006975766573233955,223663.9193840027,0.0,0.0,-0.04166666666666663,0.041666666666666685
2026-03-11,44.72668576229013,1.0,1.0,14340711853.682167,14163736337.522177,-0.0216279210947606,0.4583333333333333,0.5,0.0803371918608975,0.1993755617061241,1,0,44.72736008422142,1.0,1.0,14340928061.441557,14163954641.65156,-0.0216255846376959,0.4166666666666667,0.5416666666666666,0.0803432682006044,0.1994001526645583,1,0,0.0006743219312852489,216207.75938987732,0.0,0.0,-0.04166666666666663,0.04166666666666663
2026-03-12,43.61749058325714,1.0,1.0,13985070737.402172,14189702362.405172,-0.0458909661813056,0.4583333333333333,0.375,0.0325385088916989,0.15664544058961,1,0,43.618101912712326,1.0,1.0,13985266747.891556,14189912000.554558,-0.0458896997786858,0.4166666666666667,0.4166666666666667,0.0325433995487189,0.1566649630122187,1,0,0.000611329455189491,196010.4893836975,0.0,0.0,-0.04166666666666663,0.041666666666666685
2026-03-13,43.684468075381496,1.0,1.0,14006545722.612177,14115306224.132172,-0.0444258697384832,0.5416666666666666,0.3333333333333333,0.0309366437205313,0.1592389422144258,1,0,43.68504112752444,1.0,1.0,14006729460.25156,14115504309.621555,-0.0444254592101993,0.5,0.375,0.03094041220869,0.1592563450198723,1,0,0.0005730521429470059,183737.63938331604,0.0,0.0,-0.04166666666666663,0.041666666666666685
2026-03-16,44.69062451762922,1.0,1.0,14329149541.162174,14270580152.602173,-0.0224167413327346,0.4166666666666667,0.5416666666666666,0.0436322892824252,0.1672255549814405,1,0,44.69119567207007,1.0,1.0,14329332670.34156,14270772039.266558,-0.0224166515714223,0.375,0.5833333333333334,0.0436359967439139,0.1672434898848984,1,0,0.0005711544408555369,183129.17938613892,0.0,0.0,-0.041666666666666685,0.04166666666666674
2026-03-17,45.74617828519405,1.0,1.0,14667591618.162172,14406795411.51217,0.0,0.3333333333333333,0.5416666666666666,0.06730146889387,0.1979468298462134,1,0,45.74671361982911,1.0,1.0,14667763262.441557,14406975700.361555,0.0,0.3333333333333333,0.5833333333333334,0.0673019343968315,0.1979638534613483,1,0,0.0005353346350602806,171644.27938461304,0.0,0.0,0.0,0.04166666666666674
2026-03-18,45.37842195590736,1.0,1.0,14549677950.72217,14684878474.327175,-0.0080390612521551,0.4166666666666667,0.4166666666666667,0.0524928760288869,0.1818975977372672,1,0,45.37893185261375,1.0,1.0,14549841438.841557,14685052299.35656,-0.0080395232381446,0.375,0.4583333333333333,0.0524922223925579,0.1819125374931287,1,0,0.0005098967063901227,163488.11938667297,0.0,0.0,-0.041666666666666685,0.04166666666666663
2026-03-19,45.90623338852854,1.0,1.0,14718910066.612171,14219703935.37717,0.0,0.4166666666666667,0.375,0.0534954920377075,0.1780986726498903,1,0,45.906747228972186,1.0,1.0,14719074819.211555,14219869553.136557,0.0,0.375,0.4166666666666667,0.0534947491231194,0.1781148475547507,1,0,0.0005138404436451083,164752.59938430786,0.0,0.0,-0.041666666666666685,0.041666666666666685
2026-03-20,43.83449648461042,1.0,1.0,14054649313.342173,14698095896.272173,-0.0451297514737034,0.6666666666666666,0.125,-0.0092389887528198,0.1293683257629401,1,0,43.83504385792389,1.0,1.0,14054824817.58156,14698261638.821556,-0.0451285158740417,0.625,0.1666666666666666,-0.0092355159714304,0.1293857750018285,1,0,0.0005473733134735426,175504.2393875122,0.0,0.0,-0.04166666666666663,0.0416666666666666
2026-03-23,44.231794040382816,1.0,1.0,14182034780.662172,14269029137.95217,-0.0364752066233373,0.6666666666666666,0.2083333333333333,-0.0031022823879326,0.150846905358452,1,0,44.23235611379226,1.0,1.0,14182214998.191557,14269212332.481554,-0.0364737476787115,0.625,0.25,-0.0031004161435677,0.1508655485162275,1,0,0.0005620734094406998,180217.52938461304,0.0,0.0,-0.04166666666666663,0.04166666666666671
2026-03-24,45.05945707281487,1.0,1.0,14447408278.782171,14109268282.757174,-0.0184457807406448,0.625,0.2916666666666667,0.0064384603407916,0.1617051648317959,1,0,45.0599988269078,1.0,1.0,14447581981.331558,14109447127.64656,-0.0184449662233961,0.5833333333333334,0.2916666666666667,0.0064385769803554,0.161723843208142,1,0,0.0005417540929286702,173702.54938697815,0.0,0.0,-0.04166666666666663,0.0
2026-03-25,45.1173749832586,1.0,1.0,14465978491.412172,14356865134.237171,-0.017184123964025,0.6666666666666666,0.2916666666666667,-0.0082939898682845,0.1391693037202668,1,0,45.11796050772638,1.0,1.0,14466166228.051558,14357043804.40656,-0.0171823701058914,0.625,0.2916666666666667,-0.0082932736136916,0.1391894275975482,1,0,0.0005855244677803739,187736.6393852234,0.0,0.0,-0.04166666666666663,0.0
2026-03-26,43.04084514646175,1.0,1.0,13800180980.652176,14199814580.794176,-0.0624182824544873,0.8333333333333334,0.0833333333333333,-0.0585047734682382,0.0680681051506506,1,0,43.04150020153615,1.0,1.0,13800391010.88156,14199995541.03356,-0.0624145076789008,0.8333333333333334,0.0833333333333333,-0.0585023905569175,0.0680911373246502,1,0,0.0006550550744037764,210030.22938346863,0.0,0.0,0.0,0.0
2026-03-27,43.04589043355088,1.0,1.0,13801798650.442171,13786997681.282175,-0.0623083782711832,0.875,0.0833333333333333,-0.0486401021497083,0.0697006796293102,1,0,43.04651184070068,1.0,1.0,13801997892.141558,13787213149.72156,-0.0623053376882776,0.875,0.0833333333333333,-0.0486388279184502,0.0697230560622077,1,0,0.0006214071498007456,199241.69938659668,0.0,0.0,0.0,0.0
2026-03-30,41.70868029356406,1.0,1.0,13373049124.772173,14014633070.202171,-0.091437540942172,0.875,0.0833333333333333,-0.0819549032520375,0.0537210036825712,0,0,41.70929701565455,1.0,1.0,13373246864.301558,14014835626.421556,-0.0914342763686074,0.875,0.0833333333333333,-0.0819524127415801,0.0537445082056986,0,0,0.0006167220904913506,197739.52938461304,0.0,0.0,0.0,0.0
2026-03-31,43.72504472747588,1.0,1.0,14019555809.672176,13591738270.777176,-0.0475139975565435,0.875,0.0833333333333333,-0.0010205345483157,0.071701048816456,0,0,43.72568675048348,1.0,1.0,14019761661.43156,13591936264.64656,-0.0475106734879317,0.875,0.0833333333333333,-0.0010183083555272,0.0717248458347634,0,0,0.0006420230076003008,205851.75938415527,0.0,0.0,0.0,0.0
2026-04-01,45.27248004195104,1.0,1.0,14515709807.646473,14239884332.622171,-0.0138053876303402,0.6,0.28,0.0170248016897831,0.0847631968154436,0,0,45.27306630146291,1.0,1.0,14515897779.962955,14240096076.001558,-0.0138036555791815,0.6,0.28,0.0170217676794302,0.0847844167856766,0,0,0.0005862595118699687,187972.31648254395,0.0,0.0,0.0,0.0
2026-04-02,46.008432548458536,1.0,1.0,14751678170.916471,14087524777.361471,0.0,0.56,0.28,0.0602433479534265,0.1541367833048426,0,0,46.00907726796186,1.0,1.0,14751884887.252956,14087700386.717958,0.0,0.56,0.28,0.060240018361019,0.1541604788172392,0,0,0.0006447195033203457,206716.33648490906,0.0,0.0,0.0,0.0
2026-04-06,45.96156394062088,1.0,1.0,14736650694.846474,14849699926.726473,-0.0010186960355211,0.4,0.4,0.0823114671947258,0.1439359413179473,0,0,45.96213567173005,1.0,1.0,14736834008.922958,14849897445.857958,-0.0010202681518348,0.4,0.4,0.0823078444385014,0.1439586092095188,0,0,0.0005717311091757438,183314.07648468018,0.0,0.0,0.0,0.0
2026-04-07,46.389715658875566,1.0,1.0,14873928928.556477,14658955676.236471,0.0,0.4,0.36,0.054345987633769,0.1163810148213266,0,0,46.39023634848468,1.0,1.0,14874095877.20296,14659133737.922956,0.0,0.4,0.36,0.0543413836143271,0.1163878032335345,0,0,0.0005206896091110025,166948.64648246765,0.0,0.0,0.0,0.0
2026-04-08,48.58968777674372,1.0,1.0,15579305722.986477,15480276116.57447,0.0,0.32,0.44,0.0906962295653446,0.1564246547369154,0,0,48.59016543574061,1.0,1.0,15579458874.73296,15480429771.975956,0.0,0.36,0.44,0.0906898729855072,0.1564255166140304,0,0,0.000477658996885566,153151.74648284912,0.0,0.0,0.03999999999999998,0.0
2026-04-09,49.33523012468309,1.0,1.0,15818348875.956474,15729234469.431477,0.0,0.32,0.44,0.1030379131350374,0.191652881592411,0,0,49.33572935974152,1.0,1.0,15818508945.63296,15729384791.39296,0.0,0.36,0.44,0.1030324451709772,0.1916536767473176,0,0,0.0004992350584274163,160069.67648506165,0.0,0.0,0.03999999999999998,0.0
2026-04-10,49.28027234439729,1.0,1.0,15800727769.501474,15922756631.506474,-0.0011139662295465,0.32,0.48,0.1298282337066372,0.1665911597351932,0,0,49.28075441174816,1.0,1.0,15800882334.69796,15922912723.502956,-0.0011143029343398,0.36,0.48,0.1298234506024083,0.1665917465748749,0,0,0.0004820673508731943,154565.1964855194,0.0,0.0,0.03999999999999998,0.0
2026-04-13,49.93630633551976,1.0,1.0,16011071868.836472,15796294390.641474,0.0,0.28,0.36,0.1431135260557632,0.1784776219434707,0,0,49.93683115216159,1.0,1.0,16011240140.732956,15796449144.287958,0.0,0.28,0.4,0.1431105445543028,0.1784788560029129,0,0,0.0005248166418283517,168271.896484375,0.0,0.0,0.0,0.040000000000000036
2026-04-14,50.2474543386754,1.0,1.0,16110835215.506474,16134111558.806473,0.0,0.32,0.44,0.1243399455931559,0.1733974713510626,0,0,50.24791363032607,1.0,1.0,16110982478.132956,16134274138.582958,0.0,0.32,0.44,0.1243358535097034,0.1733973691525185,0,0,0.00045929165067093436,147262.6264820099,0.0,0.0,0.0,0.0
2026-04-15,49.41254575487525,1.0,1.0,15843138577.126474,16028467475.736477,-0.0166159379572292,0.48,0.36,0.0801458746307526,0.1528412786130559,0,0,49.41300136876514,1.0,1.0,15843284660.55296,16028620961.29796,-0.0166158592713596,0.48,0.36,0.0801431940970478,0.1528389204853513,0,0,0.0004556138898905715,146083.42648506165,0.0,0.0,0.0,0.0
2026-04-16,50.050019110539935,1.0,1.0,16047531582.156471,15820768734.726477,-0.0039292583223166,0.4,0.44,0.1029475454032271,0.1608444341704438,0,0,50.05046319290939,1.0,1.0,16047673968.232958,15820919174.50296,-0.0039295250917147,0.4,0.44,0.1029449383134073,0.1608409693021009,0,0,0.00044408236945514545,142386.07648658752,0.0,0.0,0.0,0.0
2026-04-17,50.66764518754311,1.0,1.0,16245560956.626474,16186686914.676474,0.0,0.36,0.52,0.1037203762442506,0.1627644408434805,0,0,50.66811097712219,1.0,1.0,16245710302.68296,16186836417.76296,0.0,0.36,0.52,0.1037181685820913,0.1627612951130193,0,0,0.0004657895790813882,149346.05648612976,0.0,0.0,0.0,0.0
2026-04-20,50.699881490270975,1.0,1.0,16255896878.47647,16279330285.776474,0.0,0.32,0.48,0.1566205969326206,0.1459345922462804,0,0,50.70030462421848,1.0,1.0,16256032547.862955,16279478928.28296,0.0,0.32,0.48,0.1566158069453733,0.1459338631875204,0,0,0.00042313394750692623,135669.38648414612,0.0,0.0,0.0,0.0
2026-04-21,50.13010560429657,1.0,1.0,16073209704.97647,16336903973.706474,-0.0112382094242912,0.36,0.52,0.1333500413419517,0.1298340694693338,0,0,50.13058500508372,1.0,1.0,16073363415.192957,16337037481.73296,-0.0112370058396576,0.36,0.52,0.1333464777711062,0.129832632055169,0,0,0.00047940078714958645,153710.21648597717,0.0,0.0,0.0,0.0
2026-04-22,50.50907552384127,1.0,1.0,16194718784.506475,16297789767.446474,-0.0037634400874551,0.4,0.48,0.120942834313781,0.1281599802968049,0,0,50.509492031550415,1.0,1.0,16194852329.322958,16297940204.08296,-0.0037635393728367,0.4,0.48,0.1209386006772021,0.1281558501479143,0,0,0.0004165077091471403,133544.81648254395,0.0,0.0,0.0,0.0
2026-04-23,50.68712152304645,1.0,1.0,16251805651.726477,16129654465.711475,-0.0002516764704267,0.32,0.56,0.1234501462430952,0.1141322621126321,0,0,50.68744361051606,1.0,1.0,16251908922.59296,16129786504.94796,-0.000253667385191,0.32,0.56,0.1234427053021582,0.1141256875577814,0,0,0.0003220874696125975,103270.86648368835,0.0,0.0,0.0,0.0
2026-04-24,50.91888958184924,1.0,1.0,16326117416.426472,16287630565.966473,0.0,0.32,0.56,0.1830364717184256,0.1138231909358751,0,0,50.91910265343397,1.0,1.0,16326185733.542955,16287737288.46296,0.0,0.32,0.52,0.1830234172835982,0.113813719287694,0,0,0.00021307158472438914,68317.11648368835,0.0,0.0,0.0,-0.040000000000000036
2026-04-27,51.28547240727869,1.0,1.0,16443654823.466473,16365766872.271473,0.0,0.4,0.56,0.1914139048057812,0.1334634107734451,0,0,51.28568637815577,1.0,1.0,16443723428.922958,16365833721.587955,0.0,0.4,0.56,0.191401676585208,0.133453295456027,0,0,0.0002139708770840798,68605.45648574829,0.0,0.0,0.0,0.0
2026-04-28,49.46351880339455,1.0,1.0,15859482059.516472,15937184751.696472,-0.0355257252856182,0.48,0.44,0.1859286473522663,0.0887359797946916,0,0,49.46373030666007,1.0,1.0,15859549873.782955,15937263040.422956,-0.0355256251824629,0.48,0.44,0.1859161828619433,0.0887274903671222,0,0,0.00021150326551833132,67814.26648330688,0.0,0.0,0.0,0.0
2026-04-29,50.33915173618376,1.0,1.0,16140236140.993977,16340980967.646473,-0.018452022116123,0.4583333333333333,0.4166666666666667,0.1512658717659747,0.1500909651695408,1,0,50.339338042667016,1.0,1.0,16140295876.419209,16341052851.872955,-0.018452484549214,0.4166666666666667,0.375,0.1512532285638812,0.1500808977819068,1,0,0.00018630648325768107,59735.425231933594,0.0,0.0,-0.04166666666666663,-0.041666666666666685
2026-04-30,51.94158613327353,1.0,1.0,16654024488.183971,16449494434.553974,0.0,0.375,0.5833333333333334,0.1473103767485826,0.1668431083893577,1,0,51.94162427549302,1.0,1.0,16654036717.719206,16449512353.02921,0.0,0.375,0.5833333333333334,0.1472963622482677,0.1668253743859129,1,0,3.814221948772456e-05,12229.535234451294,0.0,0.0,0.0,0.0
2026-05-01,52.88141486048729,1.0,1.0,16955361659.473974,16495161146.423971,0.0,0.375,0.5833333333333334,0.1493852742057615,0.2186280912122837,1,0,52.881379276203,1.0,1.0,16955350250.089209,16495188413.064207,0.0,0.375,0.5416666666666666,0.1493683945934432,0.2186063677873273,1,0,-3.558428429073501e-05,-11409.384765625,0.0,0.0,0.0,-0.04166666666666674
2026-05-04,53.674607398444415,1.0,1.0,17209682887.11397,17100415150.343975,0.0,0.375,0.5416666666666666,0.1678150784378935,0.2639396509562404,1,0,53.67464007351902,1.0,1.0,17209693363.719204,17100423960.789211,0.0,0.375,0.5416666666666666,0.167801262693124,0.2639204673579554,1,0,3.267507460691377e-05,10476.60523223877,0.0,0.0,0.0,0.0
2026-05-05,55.1571435707523,1.0,1.0,17685028280.973972,17438133750.648975,0.0,0.4166666666666667,0.5416666666666666,0.1889950776234021,0.2536121894085359,1,0,55.15713591146995,1.0,1.0,17685025825.179207,17438146150.13421,0.0,0.4166666666666667,0.5416666666666666,0.1889815670937329,0.2535924705415375,1,0,-7.659282346139662e-06,-2455.794765472412,0.0,0.0,0.0,0.0
2026-05-06,55.540640211585554,1.0,1.0,17807988762.60397,17822396017.413975,0.0,0.375,0.5,0.1430540666731499,0.2467247607097387,1,0,55.54061305979671,1.0,1.0,17807980056.929203,17822385054.90921,0.0,0.375,0.5,0.143042271244125,0.2467046296403205,1,0,-2.7151788842161295e-05,-8705.674766540527,0.0,0.0,0.0,0.0
2026-05-07,53.68652905256271,1.0,1.0,17213505325.633972,17630088821.51897,-0.0333829633932826,0.5,0.4583333333333333,0.0881986141927937,0.200324328475659,1,0,53.68645021326415,1.0,1.0,17213480047.399208,17630076488.784206,-0.0333839103384817,0.5,0.4583333333333333,0.0881860045444649,0.2003044693935172,1,0,-7.883929855978522e-05,-25278.23476409912,0.0,0.0,0.0,0.0
2026-05-08,55.38465229364,1.0,1.0,17757974375.313976,17465032065.103973,-0.002808536548216,0.5,0.4166666666666667,0.1238706618052349,0.2697808047421179,1,0,55.38458064874267,1.0,1.0,17757951403.81921,17465011494.20921,-0.0028093390126258,0.5,0.4166666666666667,0.1238582142228617,0.2697613655811341,1,0,-7.164489733213486e-05,-22971.49476623535,0.0,0.0,0.0,0.0
2026-05-11,56.871857558746285,1.0,1.0,18234816819.833973,17952555683.52397,0.0,0.375,0.5,0.1388879501144293,0.3018782204377255,1,0,56.871910097159926,1.0,1.0,18234833665.219208,17952550401.679207,0.0,0.375,0.5,0.138877032943212,0.3018623453081037,1,0,5.253841364094569e-05,16845.385234832764,0.0,0.0,0.0,0.0
2026-05-12,55.739711271794086,1.0,1.0,17871816892.59397,17948074812.673973,-0.019906968675724,0.4583333333333333,0.5,0.1093041827771024,0.2472350045098676,1,0,55.73981433385213,1.0,1.0,17871849937.36921,17948096138.409206,-0.0199060619095389,0.4583333333333333,0.5,0.1092960942404495,0.2472213709128163,1,0,0.00010306205804511137,33044.77523803711,0.0,0.0,0.0,0.0
2026-05-13,56.01731155804226,1.0,1.0,17960823838.84397,18157761289.39397,-0.015025814829792,0.4166666666666667,0.4583333333333333,0.1336657665025353,0.2245244008978235,1,0,56.01729069998999,1.0,1.0,17960817151.129208,18157795813.749207,-0.0150270915063324,0.4166666666666667,0.4583333333333333,0.1336548913905799,0.2245096153903629,1,0,-2.0858052266703453e-05,-6687.714763641357,0.0,0.0,0.0,0.0
2026-05-14,55.43112871647511,1.0,1.0,17772876105.153973,17784221552.653976,-0.025332895813768,0.4166666666666667,0.5416666666666666,0.1075146363890593,0.2215305497034605,1,0,55.43114575763557,1.0,1.0,17772881569.059208,17784227540.63921,-0.025333496572613,0.4166666666666667,0.5416666666666666,0.1075051502318262,0.2215171996042224,1,0,1.704116046141735e-05,5463.905235290527,0.0,0.0,0.0,0.0
2026-05-15,54.3802848065932,1.0,1.0,17435944149.25397,17338034106.748974,-0.0438102931591322,0.5,0.3333333333333333,0.0732743668135353,0.1845947879527452,1,0,54.38031182196445,1.0,1.0,17435952811.189205,17338042262.414207,-0.0438107014682439,0.5,0.3333333333333333,0.0732650334352988,0.1845821171064052,1,0,2.70153712449428e-05,8661.935234069824,0.0,0.0,0.0,0.0
2026-05-18,52.78425779428934,1.0,1.0,16924210201.07397,17525944290.128975,-0.0718738571222968,0.625,0.25,0.041112054757334,0.204171646247175,1,0,52.78421236931269,1.0,1.0,16924195636.469208,17525955722.274208,-0.071875513251864,0.6666666666666666,0.2083333333333333,0.0411024699070308,0.2041555733443418,1,0,-4.542497664772327e-05,-14564.604763031006,0.0,0.0,0.04166666666666663,-0.04166666666666671
2026-05-19,53.23784201400008,1.0,1.0,17069642854.653978,16694628602.183971,-0.0638983092998575,0.5833333333333334,0.2916666666666667,0.0619934143812606,0.2036102800938823,1,0,53.23782917669124,1.0,1.0,17069638738.629211,16694611520.499208,-0.0638993997961421,0.625,0.25,0.0619830024184331,0.2035946952437151,1,0,-1.283730883727685e-05,-4116.024766921997,0.0,0.0,0.04166666666666663,-0.041666666666666685
2026-05-20,53.66621347951792,1.0,1.0,17206991545.902424,17376311217.35397,-0.0563660871445435,0.5217391304347826,0.3478260869565217,0.0625063500555744,0.191008879507686,2,0,53.66659659189509,1.0,1.0,17207114383.177658,17376349960.619205,-0.0563602224681546,0.5217391304347826,0.3478260869565217,0.062505173450817,0.191003062340247,2,0,0.00038311237717181257,122837.27523422241,0.0,0.0,0.0,0.0
2026-05-21,55.92532262137892,1.0,1.0,17931329437.192425,17149206086.402424,-0.0166432920955611,0.391304347826087,0.4782608695652174,0.1033438266158153,0.2395517833679541,2,0,55.92556709112518,1.0,1.0,17931407821.497658,17149327520.137655,-0.0166399019202625,0.3478260869565217,0.4782608695652174,0.1033416386286723,0.2395411153735118,2,0,0.00024446974626357587,78384.30523300171,0.0,0.0,-0.0434782608695653,0.0
2026-05-22,55.45121743389036,1.0,1.0,17779317148.192425,17963892484.437424,-0.0249796680790399,0.4347826086956521,0.4782608695652174,0.0890107362760861,0.2883394191075457,2,0,55.45140627232727,1.0,1.0,17779377695.43766,17963967551.85266,-0.0249772483886308,0.4782608695652174,0.4347826086956521,0.0890098878949445,0.2883241990331058,2,0,0.0001888384369053142,60547.245235443115,0.0,0.0,0.0434782608695653,-0.0434782608695653
2026-05-26,57.25967462343348,1.0,1.0,18359162558.442425,18169757554.832424,0.0,0.391304347826087,0.5652173913043478,0.1164891719961405,0.3302007240812954,2,0,57.25979341230093,1.0,1.0,18359200645.702663,18169815242.737656,0.0,0.391304347826087,0.5217391304347826,0.1164868300697981,0.3301842812304616,2,0,0.00011878886744653983,38087.26023864746,0.0,0.0,0.0,-0.04347826086956519
2026-05-27,57.136761578690425,1.0,1.0,18319752963.752422,18553099775.052418,-0.0021465899963873,0.4347826086956521,0.4782608695652174,0.1551293349305607,0.3699009696911228,2,0,57.13687252825416,1.0,1.0,18319788537.497658,18553136827.187656,-0.0021467224508072,0.4782608695652174,0.4347826086956521,0.1551266387315104,0.3698833741266198,2,0,0.00011094956373369769,35573.745235443115,0.0,0.0,0.0434782608695653,-0.0434782608695653
2026-05-28,57.40350646927643,1.0,1.0,18405279345.80242,18528917495.468426,0.0,0.4782608695652174,0.3478260869565217,0.1403351961533914,0.312828993704958,1,0,57.40363717464089,1.0,1.0,18405321253.847656,18528953398.403656,0.0,0.5217391304347826,0.3043478260869565,0.1403335722449563,0.31281270668679,1,0,0.00013070536446235792,41908.045234680176,0.0,0.0,0.04347826086956519,-0.04347826086956519
2026-05-29,57.62127248453612,1.0,1.0,18475101636.972424,18536939514.62242,0.0,0.5652173913043478,0.3043478260869565,0.1093475724189372,0.2727659812570966,1,0,57.62148273554386,1.0,1.0,18475169049.727657,18537005441.867653,0.0,0.5652173913043478,0.3043478260869565,0.1093508056260523,0.2727541437519549,1,0,0.00021025100773641725,67412.75523376465,0.0,0.0,0.0,0.0
2026-06-01,58.27405943584879,1.0,1.0,18684404638.3254,18427947215.54742,0.0,0.625,0.25,0.1019761780124166,0.2665951915330187,1,0,58.2742107344431,1.0,1.0,18684453149.175434,18427997607.692657,0.0,0.6666666666666666,0.25,0.1019797806345597,0.2665807313423787,1,0,0.0001512985943108447,48510.8500328064,0.0,0.0,0.04166666666666663,0.0
2026-06-02,58.8608587532119,1.0,1.0,18872550032.575397,18753770388.855392,0.0,0.7083333333333334,0.2916666666666667,0.0966239271443241,0.2806539574949196,1,0,58.86103159627368,1.0,1.0,18872605451.22543,18753829256.12543,0.0,0.6666666666666666,0.2916666666666667,0.0966264797612206,0.2806417877678691,1,0,0.00017284306178311226,55418.65003204346,0.0,0.0,-0.04166666666666674,0.0
2026-06-03,59.689870395982624,1.0,1.0,19138355935.46539,18973923624.22039,0.0,0.75,0.25,0.0821784184566414,0.2867048126552249,1,0,59.69010676659227,1.0,1.0,19138431722.945427,18973979882.790424,0.0,0.7083333333333334,0.25,0.0821828541351024,0.2866954657915226,1,0,0.0002363706096488727,75787.48003768921,0.0,0.0,-0.04166666666666663,0.0
2026-06-04,58.69506922352106,1.0,1.0,18819392955.69539,18602808066.665398,-0.0166661640553422,0.7916666666666666,0.2083333333333333,0.0567949703121626,0.2079737884550483,1,0,58.6952927162604,1.0,1.0,18819464614.145424,18602889303.395428,-0.0166663138034234,0.75,0.2083333333333333,0.0567995108924577,0.2079665131801953,1,0,0.00022349273933741642,71658.45003509521,0.0,0.0,-0.04166666666666663,0.0
2026-06-05,55.59611368946268,1.0,1.0,17825775217.11539,18350189094.775394,-0.0685837760973839,0.8333333333333334,0.0833333333333333,0.0355691580476429,0.1269049226882432,1,0,55.596271031879255,1.0,1.0,17825825665.795425,18350273322.145428,-0.068584828482905,0.8333333333333334,0.0833333333333333,0.0355736095612309,0.1268967086001255,1,0,0.00015734241657128223,50448.68003463745,0.0,0.0,0.0,0.0
2026-06-08,56.40006364004287,1.0,1.0,18083545592.665398,18235681847.79539,-0.0551149924453709,0.8333333333333334,0.125,0.0183338037588345,0.1444754859690835,1,0,56.4002478355089,1.0,1.0,18083604651.23543,18235737903.54043,-0.0551156482924012,0.8333333333333334,0.125,0.0183384468180367,0.1444680283154014,1,0,0.00018419546602643777,59058.5700340271,0.0,0.0,0.0,0.0
2026-06-09,56.303545513579735,1.0,1.0,18052598997.43539,18373013850.235397,-0.056731985845136,0.75,0.125,-0.00999285181743,0.127507211592279,1,0,56.30377691718504,1.0,1.0,18052673192.345425,18373077668.13543,-0.056731844401768,0.75,0.125,-0.0099896975326532,0.1274999958572238,1,0,0.00023140360530504722,74194.91003417969,0.0,0.0,0.0,0.0
2026-06-10,55.9840085384837,1.0,1.0,17950145895.705395,17949743233.12039,-0.062085272306913,0.7083333333333334,0.1666666666666666,0.0043828226073578,0.1141660662278147,1,0,55.98423368590351,1.0,1.0,17950218084.69543,17949813968.08043,-0.0620852144758248,0.6666666666666666,0.1666666666666666,0.0043850047757147,0.1141603629113756,1,0,0.00022514741981183306,72188.99003601074,0.0,0.0,-0.04166666666666674,0.0
2026-06-11,59.02680044104856,1.0,1.0,18925755895.90331,18215260292.550392,-0.0111085842628786,0.5454545454545454,0.2272727272727272,0.0537242648620868,0.1945711264071983,3,0,59.0271430861267,1.0,1.0,18925865758.153343,18215340651.610428,-0.0111067598363994,0.4545454545454545,0.2272727272727272,0.0537307739900609,0.1945670461426145,3,0,0.00034264507814185663,109862.25003433228,0.0,0.0,-0.09090909090909094,0.0
2026-06-12,60.41830470138553,1.0,1.0,19371913738.8233,19023273843.378304,0.0,0.5,0.4090909090909091,0.0899706735256888,0.2071584741645415,3,0,60.41866401462328,1.0,1.0,19372028945.38333,19023381100.25834,0.0,0.4545454545454545,0.4545454545454545,0.0899768205909885,0.2071549424378309,3,0,0.00035931323775173496,115206.56003189087,0.0,0.0,-0.045454545454545525,0.04545454545454536
2026-06-15,62.450699424138726,1.0,1.0,20023560213.298306,19956072872.993305,0.0,0.5,0.4090909090909091,0.1484069943040653,0.2325557896559309,3,0,62.45098969499635,1.0,1.0,20023653282.808346,19956173450.32334,0.0,0.4545454545454545,0.4545454545454545,0.1484117615848632,0.2325501876948685,3,0,0.0002902708576257851,93069.5100402832,0.0,0.0,-0.045454545454545525,0.04545454545454536
2026-06-16,61.68211749176302,1.0,1.0,19777129881.153305,20246185245.404305,-0.012307018807841,0.5,0.4090909090909091,0.1685703289065916,0.2166126562563952,3,0,61.68241674562624,1.0,1.0,19777225830.88334,20246277725.21434,-0.0123068177641978,0.4545454545454545,0.4545454545454545,0.1685770039354934,0.2166084050738004,3,0,0.000299253863218496,95949.73003387451,0.0,0.0,-0.045454545454545525,0.04545454545454536
2026-06-17,61.78561167649454,1.0,1.0,19810313209.1033,19997354486.783302,-0.0106498046263212,0.5,0.3636363636363636,0.1605581544842975,0.2325051170687937,3,0,61.78605351872199,1.0,1.0,19810454876.923336,19997463752.74334,-0.0106473280811374,0.4545454545454545,0.4090909090909091,0.1605667337347658,0.2325021443986008,3,0,0.0004418422274525824,141667.8200378418,0.0,0.0,-0.045454545454545525,0.045454545454545525
2026-06-18,63.49146239813778,1.0,1.0,20357259919.9438,20348784806.803303,0.0,0.5238095238095238,0.3809523809523809,0.1830807184182969,0.2570307759477515,3,0,63.49189687377165,1.0,1.0,20357399225.813835,20348938742.00334,0.0,0.4761904761904761,0.4285714285714285,0.1830803685315196,0.2570290121728387,3,0,0.00043447563387388755,139305.87003326416,0.0,0.0,-0.04761904761904773,0.047619047619047616
2026-06-22,64.36995016384131,1.0,1.0,20638929346.153805,20716876142.99881,0.0,0.5714285714285714,0.3809523809523809,0.1509982803252383,0.2699468470422714,3,0,64.37049671287299,1.0,1.0,20639104586.10384,20717044697.49884,0.0,0.5714285714285714,0.3809523809523809,0.1510030217125491,0.2699495600428772,3,0,0.0005465490316822752,175239.95003509521,0.0,0.0,0.0,0.0
2026-06-23,61.57798524740463,1.0,1.0,19743741972.222206,19551148645.023808,-0.0433737312104526,0.5,0.4090909090909091,0.1104893291264281,0.2093348019387084,3,0,61.57865087005396,1.0,1.0,19743955390.731888,19551337928.99384,-0.0433715131214873,0.4090909090909091,0.4545454545454545,0.1104975510924859,0.2093428136228385,3,0,0.0006656226493362283,213418.50968170166,0.0,0.0,-0.09090909090909088,0.04545454545454536
2026-06-24,60.97375315645324,1.0,1.0,19550007109.88221,19754217564.837204,-0.0527605971224726,0.4545454545454545,0.3636363636363636,0.0648637729334866,0.1889088721311949,3,0,60.97459777224615,1.0,1.0,19550277918.94189,19754425858.41689,-0.0527555186621345,0.4090909090909091,0.4090909090909091,0.0648763144008681,0.1889203806818349,3,0,0.0008446157929071774,270809.0596809387,0.0,0.0,-0.04545454545454536,0.045454545454545525
2026-06-25,64.63127720451936,1.0,1.0,20722718603.642204,20782116767.687206,0.0,0.3181818181818182,0.5454545454545454,0.131168015455465,0.3066453573877938,3,0,64.63213487792252,1.0,1.0,20722993599.36189,20782406682.66689,0.0,0.2727272727272727,0.5909090909090909,0.1311808297866132,0.3066571097089314,3,0,0.0008576734031606748,274995.71968460083,0.0,0.0,-0.04545454545454547,0.045454545454545525
2026-06-26,61.72854705576785,1.0,1.0,19792016586.652203,20167360234.91721,-0.0449121582351855,0.4545454545454545,0.5454545454545454,0.0753445364667093,0.2262532229242426,3,0,61.72945685849858,1.0,1.0,19792308296.59189,20167638909.651894,-0.0449107556930702,0.4090909090909091,0.5909090909090909,0.0753579371756023,0.2262667579414221,3,0,0.0009098027307317125,291709.93968582153,0.0,0.0,-0.04545454545454536,0.045454545454545525
2026-06-29,63.08296767518192,1.0,1.0,20226284306.262203,19833830282.722206,-0.0239560410424503,0.4545454545454545,0.5454545454545454,0.0947860912323919,0.2144982926266712,3,0,63.08382882889079,1.0,1.0,20226560417.871887,19834105087.06189,-0.0239556692960272,0.4090909090909091,0.5909090909090909,0.0947970415550838,0.2145139800461508,3,0,0.0008611537088683008,276111.6096839905,0.0,0.0,-0.04545454545454536,0.045454545454545525
2026-06-30,64.79651476366263,1.0,1.0,20775698702.272205,20266221528.532204,0.0,0.4090909090909091,0.5909090909090909,0.111927251867429,0.2253173432407194,3,0,64.79741477426165,1.0,1.0,20775987272.56189,20266498399.04689,0.0,0.3636363636363636,0.6363636363636364,0.1119398093531442,0.2253351871898121,3,0,0.000900010599025336,288570.28968429565,0.0,0.0,-0.045454545454545525,0.045454545454545414
2026-07-01,62.45341762314575,1.0,1.0,20024431749.1176,20097304277.957207,-0.0361608513831807,0.4545454545454545,0.5454545454545454,0.0610347681979368,0.1635561143378892,3,0,62.45425708444399,1.0,1.0,20024700905.492287,20097590513.55689,-0.0361612835632509,0.4090909090909091,0.5909090909090909,0.0610459142615122,0.1635710458216281,3,0,0.0008394612982414174,269156.3746871948,0.0,0.0,-0.04545454545454536,0.045454545454545525
2026-07-02,59.143331317945325,1.0,1.0,18963119176.887608,20046729646.21261,-0.0872451777126686,0.5,0.5,-0.0091563120243285,0.072269655191258,3,0,59.14418812589576,1.0,1.0,18963393895.11729,20047012618.217293,-0.0872446326456133,0.4545454545454545,0.5454545454545454,-0.0091458814578981,0.0722853380354127,3,0,0.0008568079504343018,274718.22968292236,0.0,0.0,-0.045454545454545525,0.045454545454545414
2026-07-06,59.8185001257449,1.0,1.0,19179598470.1826,19351777910.187603,-0.0768253455617856,0.3809523809523809,0.5238095238095238,0.0191401239846156,0.0770221570702558,4,0,59.819335909890526,1.0,1.0,19179866447.552288,19352045377.68729,-0.076825269676476,0.3809523809523809,0.5714285714285714,0.0191504828004496,0.0770377317493273,4,0,0.0008357841456287929,267977.3696899414,0.0,0.0,0.0,0.04761904761904756
2026-07-07,58.12445524755508,1.0,1.0,18636437065.502605,18720083209.18261,-0.1029694195813318,0.4285714285714285,0.4761904761904761,0.0454769477631951,0.0826636825533515,4,0,58.12537440883344,1.0,1.0,18636731776.07229,18720352346.932293,-0.1029676938296376,0.4285714285714285,0.5238095238095238,0.0454905217564673,0.0826823933773996,4,0,0.0009191612783538972,294710.56968307495,0.0,0.0,0.0,0.04761904761904773
2026-07-08,58.39592567980772,1.0,1.0,18723478597.406403,18507324500.4826,-0.0987798357241941,0.45,0.5,0.0353875848882512,0.054370177683926,5,0,58.39686102317119,1.0,1.0,18723778496.436085,18507619322.242287,-0.0987779184306723,0.4,0.55,0.0354007874838668,0.0543884297604932,5,0,0.0009353433634728958,299899.0296821594,0.0,0.0,-0.04999999999999999,0.050000000000000044
2026-07-09,58.66608905326463,1.0,1.0,18810101047.2064,19005147966.1664,-0.0946104236124115,0.45,0.45,0.0419608306747756,0.0315486704942762,5,0,58.66711534959877,1.0,1.0,18810430108.47609,19005465144.31609,-0.0946071605791579,0.4,0.5,0.0419747761484963,0.0315657632981187,5,0,0.0010262963341389764,329061.2696876526,0.0,0.0,-0.04999999999999999,0.04999999999999999
2026-07-10,58.45538719692096,1.0,1.0,18742543736.45641,18715374227.9584,-0.0978621703631771,0.45,0.45,0.0441443677034731,0.0487206672435895,5,0,58.45634295622327,1.0,1.0,18742850181.44609,18715706344.37809,-0.0978599507423115,0.4,0.5,0.04415724048648,0.0487358749726103,5,0,0.0009557593023075128,306444.9896812439,0.0,0.0,-0.04999999999999999,0.04999999999999999
2026-07-13,57.94172364852409,1.0,1.0,18577847854.9764,18564244839.156403,-0.1057895033419707,0.55,0.45,-0.0183827817943174,0.0343538816297497,3,0,57.94257213207879,1.0,1.0,18578119904.15609,18564533966.54609,-0.1057888291695502,0.5,0.5,-0.0183741054935594,0.0343694135869576,3,0,0.0008484835546980207,272049.1796913147,0.0,0.0,-0.050000000000000044,0.04999999999999999
2026-07-14,58.33350358115942,1.0,1.0,18703464207.45641,18812096766.4764,-0.0997431915293016,0.45,0.5,-0.0345061174842654,0.0523600174106075,3,0,58.334342330936295,1.0,1.0,18703733135.696087,18812371920.02609,-0.0997427515563872,0.4,0.55,-0.034497977035416,0.0523748252651048,3,0,0.0008387497768751473,268928.2396774292,0.0,0.0,-0.04999999999999999,0.050000000000000044
2026-07-15,57.23304508643139,1.0,1.0,18350624333.20985,18711939679.481403,-0.1167264891455671,0.3809523809523809,0.5238095238095238,-0.0835483731298393,0.052459458239032,3,0,57.23380000986522,1.0,1.0,18350866384.219288,18712202210.55109,-0.1167271069493469,0.3809523809523809,0.5714285714285714,-0.0835405445231742,0.052472817685246,3,0,0.0007549234338313227,242051.00943756104,0.0,0.0,0.0,0.04761904761904756
2026-07-16,56.16206403007812,1.0,1.0,18007235806.46899,18166044976.349854,-0.1332548635536591,0.5238095238095238,0.4761904761904761,-0.0894919578988527,0.0639926822302345,4,0,56.16283764526573,1.0,1.0,18007483850.613182,18166270849.019287,-0.1332549633203218,0.4761904761904761,0.4761904761904761,-0.0894838333446441,0.0640082540649462,4,0,0.0007736151876116537,248044.14419174194,0.0,0.0,-0.04761904761904773,0.0
2026-07-17,56.3755520081454,1.0,1.0,18075686431.09071,17885308802.97899,-0.1299601187846548,0.45,0.5,-0.0875618047884011,0.0589375879157563,5,0,56.37643855794188,1.0,1.0,18075970685.4449,17885569493.333183,-0.1299585214264549,0.4,0.55,-0.0875539810799038,0.0589544958873864,5,0,0.0008865497964833935,284254.3541908264,0.0,0.0,-0.04999999999999999,0.050000000000000044
2026-07-20,56.18717097535536,1.0,1.0,18015285843.30071,18165363775.10071,-0.1328673898543587,0.45,0.45,-0.1150436790537161,0.0469747599539425,4,0,56.18797536325208,1.0,1.0,18015543754.094906,18165646184.519905,-0.132867020096446,0.4,0.5,-0.1150370656753336,0.0469822744775612,4,0,0.0008043878967214368,257910.79419708252,0.0,0.0,-0.04999999999999999,0.04999999999999999
2026-07-21,56.97695428082712,1.0,1.0,18268513969.140705,18081275488.660706,-0.1206787203193937,0.4,0.5,-0.114851663923877,0.0188042126563636,4,0,56.97788312228412,1.0,1.0,18268811783.4649,18081537906.8349,-0.1206765992010462,0.3,0.55,-0.1148447498170458,0.0188163676453074,4,0,0.0009288414569965653,297814.3241958618,0.0,0.0,-0.10000000000000003,0.050000000000000044
2026-07-22,56.60257427340687,1.0,1.0,18148476552.58077,18275594883.51071,-0.1264565003247808,0.4285714285714285,0.3809523809523809,-0.0807985346387649,0.0207634186010277,4,0,56.6035294486441,1.0,1.0,18148782810.301743,18275880610.814907,-0.1264538925536308,0.3333333333333333,0.4285714285714285,-0.080792959103774,0.0207771678622294,4,0,0.0009551752372303213,306257.7209739685,0.0,0.0,-0.09523809523809518,0.047619047619047616
2026-07-23,56.40408203536069,1.0,1.0,18084834010.27077,18108572728.42077,-0.1295198169054665,0.4285714285714285,0.4761904761904761,-0.0749448883254274,-0.0149423236108067,4,0,56.40522323655454,1.0,1.0,18085199913.471745,18108912076.531742,-0.1295142957005837,0.3333333333333333,0.5238095238095238,-0.0749389861128603,-0.0149244369359323,4,0,0.0011412011938531919,365903.20097351074,0.0,0.0,-0.09523809523809518,0.04761904761904773
2026-07-24,56.23546846206476,1.0,1.0,18030771460.630768,18168749552.08577,-0.1321220181798857,0.4761904761904761,0.3809523809523809,-0.1299031847364998,-0.015774312224266,4,0,56.236584807995534,1.0,1.0,18031129394.49174,18169118185.226734,-0.1321168444156291,0.3809523809523809,0.4285714285714285,-0.1298974586834325,-0.0157566853140841,4,0,0.0011163459307752532,357933.86097335815,0.0,0.0,-0.09523809523809523,0.047619047619047616
2026-07-27,55.73743728146924,1.0,1.0,17871087783.35077,18055754596.01077,-0.1398080979391448,0.6190476190476191,0.2857142857142857,-0.0970557393629567,-0.0290238225899832,4,0,55.7384748227357,1.0,1.0,17871420450.08174,18056105774.791744,-0.1398040335881466,0.5714285714285714,0.3333333333333333,-0.0970522395733353,-0.0290079589702517,4,0,0.0010375412664558326,332666.73097229004,0.0,0.0,-0.04761904761904767,0.047619047619047616
2026-07-28,55.25682870903383,1.0,1.0,17716990314.82077,17872848044.74077,-0.1472252958268455,0.6190476190476191,0.238095238095238,-0.1240610461835809,-0.041034216593132,4,0,55.25772621356976,1.0,1.0,17717278081.591743,17873176717.68174,-0.147223289600763,0.5238095238095238,0.238095238095238,-0.1240587764028815,-0.0410221398297346,4,0,0.0008975045359278511,287766.77097320557,0.0,0.0,-0.09523809523809523,0.0
2026-07-29,54.00571878758412,1.0,1.0,17315847091.82077,17626646570.55077,-0.1665335861880321,0.6666666666666666,0.238095238095238,-0.1665335861880321,-0.073245980966257,4,1,54.00649106186982,1.0,1.0,17316094706.03174,17626932104.461742,-0.1665332444200863,0.6666666666666666,0.238095238095238,-0.1665332444200863,-0.073235134698287,4,1,0.0007722742857012577,247614.21096801758,0.0,0.0,0.0,0.0
2026-07-30,54.18431811331706,1.0,1.0,17373111372.058533,17281310872.97177,-0.1637772755070584,0.6,0.25,-0.1324042754509575,-0.0794507715135856,5,2,54.18527535938761,1.0,1.0,17373418293.75053,17281586938.198746,-0.1637741174064451,0.55,0.25,-0.1324006098395493,-0.0794372118544741,5,2,0.0009572460705484787,306921.6919975281,0.0,0.0,-0.04999999999999993,0.0
2026-07-31,54.19511349233312,1.0,1.0,17376572693.128536,17451487889.348534,-0.1636106711911408,0.65,0.3,-0.0836648480115426,-0.0920550985820095,5,3,54.195852099734765,1.0,1.0,17376809512.730534,17451769879.365532,-0.1636108895927429,0.65,0.3,-0.0836656344935845,-0.0920463199763046,5,3,0.000738607401643776,236819.6019973755,0.0,0.0,0.0,0.0
