date,ticker,qty,price,notional
1998-07-07,BRK.A,50.0,78400.0,3920000.0
1998-07-07,CLTZF,20545.0,194.5,3996002.5
1998-07-07,GDYS,71040.0,56.25,3996000.0
1998-07-07,COF,32382.0,123.399,3995906.418
1998-07-07,LOW,90698.0,44.058025631833665,3995974.8087560497
1998-07-07,SAP,18586.0,215.0,3995990.0
1998-07-07,GAP,60775.0,65.75026382741436,3995972.2841111077
1998-07-07,WCOEQ,79621.0,50.18749813893934,3995978.7893204894
1998-07-07,LU1,46063.0,86.75,3995965.25
1998-07-07,NOK,50582.0,79.0,3995978.0
1998-07-07,VOD,46238.0,86.42218350136325,3995988.920736034
1998-07-07,WAT,63874.0,62.56,3995957.44
1998-07-07,DELL1,44328.0,90.145,3995947.56
1998-07-07,TELFY,26892.0,148.59124348810874,3995915.7198822205
1998-07-07,CLGX,40775.0,98.00003685467465,3995951.502749359
1998-07-07,WLA,53863.0,74.188,3995988.244
1998-07-07,LHSP,67443.0,59.25,3995997.75
1998-07-07,KM,199800.0,20.0,3996000.0
1998-07-07,TWX,34747.0,115.00140803682933,3995953.9250557087
1998-07-07,PHSYB,43493.0,91.875,3995919.375
1998-07-07,MFNXQ,82396.0,48.49699736755511,3995958.595097071
1998-07-07,BBY,97459.0,41.00150594451784,3995965.767846764
1998-07-07,PIXR,61953.0,64.5,3995968.5
1998-07-07,AEO,94851.0,42.129,3995977.7789999996
1998-07-07,C1,68454.0,58.375,3996002.25
1998-09-02,AEH1,105014.0,31.438,3301430.1319999998
1998-09-08,EXC,103007.0,31.94,3290043.58
1998-09-09,ANN,120589.0,28.37397263088683,3421588.985586012
1998-09-16,CSCO,53172.0,64.75400383734603,3443099.8920393633
1998-09-29,AGN1,54948.0,61.937021641594086,3403315.4651623117
1998-10-02,EYE1,49844.0,64.312,3205567.3279999997
1998-10-05,EAS,64054.0,50.25,3218713.5
1998-10-06,TAP,63792.0,49.38,3150048.96
1998-10-07,MFNXQ,112509.0,28.0021334958854,3150492.0374885704
1998-10-08,AMZN,36971.0,82.94887186629526,3066702.741768802
1998-10-09,MCK,36817.0,82.0,3018994.0
1998-10-12,MNMD1,48684.0,63.624,3097470.816
1998-10-13,BGEN,46111.0,68.25,3147075.75
1998-10-14,AAPL,78657.0,39.73023952095808,3125061.4499999997
1998-11-03,YHOO,23316.0,144.80407611755433,3376251.8387568966
1998-11-04,BUD1,58690.0,57.376,3367397.44
1998-11-05,MO,64748.0,52.69,3411572.1199999996
1998-11-06,GD,56226.0,60.75,3415729.5
1998-11-09,T,70869.0,48.31,3423681.39
1998-11-10,D,72917.0,47.13,3436578.21
1998-11-11,PEG,76281.0,39.63,3023016.0300000003
1998-11-25,ELX,856.0,27.43707337883959,23486.134812286688
1998-12-01,CDWC,115.0,81.376,9358.24
1999-01-28,POWI,145820.0,30.38,4430011.6
1999-01-29,TWX,25675.0,175.90000000000003,4516232.500000001
1999-02-23,RFMD,57236.0,75.9990081695508,4349879.23159241
1999-02-24,JAVA1,41671.0,105.062,4378038.602
1999-03-08,VRTY1,117914.0,38.0,4480732.0
1999-03-17,SEPR,34730.0,135.0,4688550.0
1999-03-24,SONE,73775.0,61.376,4528014.399999999
1999-04-08,GX,118636.0,41.375,4908564.5
1999-04-14,LVCI,103257.0,52.0,5369364.0
1999-04-23,ARMH1,139363.0,36.0,5017068.0
1999-04-26,GNET1,29291.0,174.124,5100266.084
1999-05-20,UCOMA,67824.0,73.376,4976653.824
1999-05-21,DISH,42877.0,115.0,4930855.0
1999-05-24,SDLI,43536.0,112.24908322396357,4886876.087238478
1999-06-07,KSWS,47941.0,47.188,2262239.9080000003
1999-06-23,QCOM,158.0,129.69212570199545,20491.355860915282
1999-06-24,CSE1,1.0,48.875,48.875
1999-08-02,RNB,73781.0,69.812,5150799.172
1999-08-03,REX,130986.0,39.314625315542735,5149665.511581681
1999-08-31,CPNLQ,57072.0,90.2489958509887,5150690.691207628
1999-09-03,KMG1,42867.0,119.74897977440021,5133279.515989214
1999-09-13,SMTC,69098.0,77.3100128514882,5341967.268012132
1999-10-11,PWER1,185347.0,28.501888292585967,5282739.489365932
1999-11-04,MSTR,55617.0,99.88,5555025.96
1999-11-15,OMPT,72274.0,81.0,5854194.0
1999-11-23,VSTR1,61348.0,102.233,6271790.084
1999-11-30,TFSIQ,172225.0,37.562,6469115.449999999
1999-12-06,VIAV,25712.0,256.94,6606441.28
1999-12-15,VIGN,14300.0,131.12480402576102,1875084.6975683826
1999-12-21,BEAS,197127.0,31.938,6295842.126
2000-01-19,MGIC,94233.0,80.49994705820069,7585751.511135425
2000-02-02,VRTS1,50477.0,155.81199288204107,7864921.964706787
2000-02-07,DTPI,8865.0,88.25,782336.25
2000-02-14,MEDX1,48763.0,82.688,4032114.944
2000-02-17,IMMU,2.0,28.88,57.76
2000-02-29,MAXM,125793.0,75.75,9528819.75
2000-03-14,MYGN,60019.0,170.1,10209231.9
2000-03-28,DSGX,141293.0,61.25,8654196.25
2000-03-29,LMLP1,150483.0,56.625,8521099.875
2000-03-30,ORTL,40878.0,195.812,8004402.936000001
2000-04-07,WGRD,88030.0,82.0,7218460.0
2000-04-14,SSTI1,96233.0,72.0011803472188,6928889.588353908
2000-04-17,MANH,330287.0,20.557918185500203,6790013.123734306
2000-04-18,TLGD,109051.0,63.562,6931499.662
2000-04-19,ORCL,90953.0,78.63,7151634.39
2000-04-20,AZTA,85569.0,83.63,7156135.47
2000-04-28,CELG,153485.0,48.243899371069176,7404714.8949685525
2000-05-01,OPTX1,41084.0,179.0,7354036.0
2000-05-02,ARXX,175446.0,42.37499999999999,7434524.249999999
2000-05-03,CMOS,52584.0,138.0,7256592.0
2000-05-04,NEWP1,55773.0,128.75211958364855,7180891.9655388305
2000-05-05,SII1,88762.0,81.0,7189722.0
2000-05-08,IVX,230750.0,32.43750000000001,7484953.125000002
2000-05-09,PWER1,97629.0,75.24803139481,7346390.057043905
2000-05-10,AMD,88356.0,80.5,7112658.0
2000-05-11,MTSN,169681.0,40.0,6787240.0
2000-05-12,PLXS,89991.0,78.13,7030996.829999999
2000-05-15,MTZ,92520.0,77.7495,7193383.74
2000-05-16,NSP,138926.0,53.752,7467550.352
2000-05-17,GIL,208451.0,36.692021043402015,7648488.478518194
2000-05-18,VSH,85545.0,89.24951362662874,7634849.6431899555
2000-05-19,BBRC1,6130.0,61.0,373930.0
2000-05-30,PWR,142270.0,45.63,6491780.100000001
2000-06-14,XTO,391585.0,19.955415716096322,7814241.463187578
2000-06-22,DGX,113632.0,73.0020526374986,8295369.24530424
2000-06-23,CGP,140199.0,57.75,8096492.25
2000-06-26,AZA.A,277067.0,29.250000000000004,8104209.750000001
2000-06-27,LH,80162.0,75.752,6072431.824
2000-06-28,DVN,155.0,56.38,8738.9
2000-07-25,NGH,332186.0,25.25,8387696.5
2000-07-28,KBL,188839.0,44.812,8462253.268
2000-08-07,IBLTZ,4504907.0,1.8791034077555815,8465186.095321974
2000-08-21,PCP,128972.0,68.44,8826843.68
2000-08-24,FL,609698.0,14.88,9072306.24
2000-08-29,TRV,197844.0,46.75,9249207.0
2000-08-30,KSE,271766.0,34.25,9307985.5
2000-09-05,CAH,112949.0,84.25099888085552,9516066.07259375
2000-09-14,DST,31.0,104.1,3227.1
2000-09-25,COCOQ,174046.0,55.62601361135245,9681485.165001448
2000-09-26,CNP,227863.0,39.69,9043882.469999999
2000-10-25,GELX,198807.0,48.0,9542736.0
2000-11-09,ADVP,231417.0,41.25,9545951.25
2000-11-13,OKE,227123.0,41.56,9439231.88
2000-11-17,MCK,297300.0,31.75,9439275.0
2000-11-27,KSWS,373326.0,25.06601026628168,9357793.348669874
2000-11-30,NEU1,139037.0,66.99999670985916,9315478.542548688
2000-12-07,PPL,223675.0,42.13,9423427.75
2000-12-15,EG,144117.0,65.19,9394987.23
2000-12-22,MTH,292465.0,33.12,9686440.799999999
2001-01-11,IGT1,198261.0,47.50000000000001,9417397.500000002
2001-01-17,AF,185708.0,48.87800876072276,9077037.250936301
2001-01-22,IBP1,305125.0,28.812,8791261.5
2001-02-14,ADM,624798.0,15.35,9590649.299999999
2001-02-21,TFC,259214.0,36.62,9492416.68
2001-02-22,PII,199229.0,47.3,9423531.7
2001-02-23,LNCR,172619.0,54.24998636338843,9364578.396061748
2001-02-26,SOTR,216556.0,42.75,9257769.0
2001-02-27,SLM,133305.0,71.001,9464788.305000002
2001-03-01,UCBHQ,166699.0,55.872,9313806.528
2001-03-28,LIT1,107799.0,80.0,8623920.0
2001-04-17,OA,96178.0,89.64802524708875,8622167.772214502
2001-04-19,RAI,156523.0,55.70808866705813,8719597.162433939
2001-04-20,GTK,293830.0,29.353970726467033,8625077.218557809
2001-04-23,HRB,158978.0,53.712,8539026.336000001
2001-05-03,CNX,130826.0,36.95081113558983,4834126.817624675
2001-05-10,DINO,1043.0,35.99393530997305,37541.67452830189
2001-05-17,FCX,1236.0,15.52,19182.72
2001-06-28,ATVI,246832.0,37.15006560449859,9169824.993289597
2001-07-16,TVTY,95974.0,36.55004279722674,3507853.807421039
2001-07-31,FLIR,294664.0,30.698040414783303,9045607.380781706
2001-08-02,AZO,149070.0,46.6,6946662.0
2001-08-24,MOVIQ,274133.0,33.20126518582417,9101562.429185538
2001-08-27,MGA,141064.0,63.9,9013989.6
2001-09-07,BKS,218416.0,39.0,8518224.0
2001-09-10,PRX,243057.0,34.25,8324702.25
2001-09-18,IART,277895.0,29.2,8114534.0
2001-10-11,ILUM,198760.0,43.5,8646060.0
2001-10-18,WFM,254555.0,33.62,8558139.1
2001-10-19,FLO,230268.0,37.013888888888886,8523114.166666666
2001-10-22,PCG,429338.0,19.81,8505185.78
2001-10-23,CACI,17967.0,60.08,1079457.3599999999
2001-10-26,AON,1.0,39.79,39.79
2001-11-07,RNR,121.0,102.502006895942,12402.742834408982
2001-12-12,CBRL,295024.0,29.15,8599949.6
2002-01-07,BALL,49728.0,72.96610169491524,3628458.305084745
2002-02-14,DLX,195654.0,46.53,9103780.620000001
2002-02-25,INVN1,136607.0,39.33,5372753.31
2002-04-12,NVR,27972.0,345.0,9650340.0
2002-05-13,HCBK,250160.0,38.70503123972377,9682450.6149293
2002-05-22,JAH,159660.0,37.13935518252065,5929669.448441247
2002-05-30,RYL,108.0,110.2,11901.6
2002-06-03,TSCO,21.0,55.219574468085106,1159.6110638297873
2002-08-05,HSAC1,7218898.0,1.17,8446110.66
2002-08-09,SIE,391673.0,22.0,8616806.0
2002-08-15,NEWCQ,309009.0,28.35,8760405.15
2002-08-21,BLUD,326764.0,27.33640023001725,8932551.484761357
2002-08-22,ZD,391931.0,22.892,8972084.452
2002-08-23,CTSH,152041.0,59.34389844389844,9022705.663308762
2002-08-26,MCO,145016.0,49.50000000000001,7178292.000000001
2002-08-27,PZZA,1.0,31.588,31.588
2002-08-29,PIXR,251.0,47.85096713558088,12010.592751030801
2002-10-04,ZD,372099.0,21.412,7967383.788
2002-10-15,COCOQ,209731.0,39.06,8192092.86
2002-10-24,TEVA,122910.0,69.2,8505372.0
2002-11-05,AMLN,467518.0,17.94,8387272.920000001
2002-11-07,BSX,215760.0,39.52,8526835.200000001
2002-11-25,NTES,1004918.0,8.308850710900474,8349713.638696683
2002-12-03,ODFL,321548.0,25.89943379790941,8327911.138850175
2002-12-11,NXTL,678802.0,12.15,8247444.3
2003-01-10,CTXS,158278.0,13.8,2184236.4
2003-02-24,HLTH1,822405.0,9.79,8051344.949999999
2003-02-25,GRMN,237794.0,33.48,7961343.119999999
2003-02-28,AMZN,372088.0,21.570199818346957,8026012.510009083
2003-03-07,WDC,1024990.0,7.75,7943672.5
2003-03-18,SCIO1,184731.0,43.84,8098607.040000001
2003-03-19,NTES,595914.0,13.720000000000002,8175940.080000001
2003-03-20,ROL,378935.0,21.554057142857143,8167586.6434285715
2003-03-21,ADTN,12951.0,36.95,478539.45
2003-05-30,SSYS,371808.0,26.250000000000004,9759960.000000002
2003-06-04,ERT,542962.0,18.261484132665235,9915291.94764018
2003-07-03,MOGN,290628.0,26.83,7797549.239999999
2003-09-05,AVDL,359858.0,32.89,11835729.620000001
2003-09-08,NTLI1,250993.0,47.09,11819260.370000001
2003-09-09,AXON,269232.0,23.191858596679165,6243990.473701125
2003-09-29,AV1,920.0,10.87,10000.4
2003-11-13,SNDK1,151601.0,84.45,12802704.450000001
2003-11-19,TRIDQ,491691.0,25.500986880297226,12538605.740160223
2003-12-03,BGO,3255529.0,4.11,13380224.190000001
2004-01-14,CALM,413519.0,32.352,13378166.688
2004-01-21,CLF,277626.0,49.75001595150742,13811897.9285532
2004-02-25,ANDV,833435.0,16.9,14085051.499999998
2004-04-08,BC,377420.0,41.95,15832769.000000002
2004-04-13,VAR,178405.0,88.7,15824523.5
2004-04-16,SUN1,246343.0,63.08,15539316.44
2004-05-14,AWE,1026155.0,13.99,14355908.450000001
2004-05-21,CME,114503.0,123.97,14194936.91
2004-05-25,WYNN,352965.0,40.6,14330379.0
2004-05-28,BCR,132030.0,112.57,14862617.1
2004-06-03,ELN,637316.0,23.45,14945060.2
2004-07-27,SIE,315714.0,44.85,14159772.9
2004-08-26,SHLDQ,179133.0,77.34,13854146.22
2004-08-30,TPL,166911.0,83.78507146638434,13984650.063525677
2004-09-07,LSTR,261136.0,54.18,14148348.48
2004-09-09,DINO,665345.0,21.077983932670236,14024131.219682477
2004-09-17,TCF1,423.0,31.38,13273.74
2004-11-26,GRA,1225509.0,13.73,16826238.57
2004-12-01,TXU,270036.0,62.26,16812441.36
2004-12-06,SWN,247237.0,52.32398280362353,12936424.53641947
2005-02-28,AGP,451310.0,40.2,18142662.0
2005-03-28,GIL,181513.0,43.08204713932712,7819951.622400684
2005-04-12,WLTGQ,720.0,23.129,16652.88
2005-05-25,TOY,717018.0,26.07,18692659.26
2005-06-03,SQM,204651.0,93.87000000000002,19210589.370000005
2005-08-22,VPHM,1393009.0,15.08,21006575.72
2005-08-29,HLF,722327.0,29.08,21005269.16
2005-09-14,SIRF,650975.0,26.5,17250837.5
2005-11-14,HNT,398791.0,49.6,19780033.6
2005-11-29,DCEL,3042097.0,7.45,22663622.650000002
2005-12-16,IRM,482678.0,44.20100228411687,21334851.380492963
2005-12-22,CELL1,584.0,28.470400906287374,16626.714129271826
2006-02-15,TIMB,541779.0,37.26,20186685.54
2006-04-10,IIIN,455731.0,53.42,24345150.02
2006-05-31,GPI,379558.0,61.019999999999996,23160629.16
2006-06-07,ZOLT,782709.0,30.01,23489097.09
2006-06-08,LFCHY,388905.0,59.89771191060234,23294519.650592804
2006-06-21,BFH,415330.0,54.2,22510886.0
2006-06-22,KEX,624527.0,37.0,23107499.0
2006-06-29,FALB,455986.0,51.57,23515198.02
2006-07-10,MED,815713.0,19.4,15824832.2
2006-07-13,TRBS,3886.0,37.8,146890.8
2006-07-21,VOLT2,772.0,47.80897207407162,36908.52644118329
2006-07-24,OMX,470996.0,42.35,19946680.6
2006-08-02,OGE,591730.0,39.15,23166229.5
2006-08-23,AZN,358977.0,63.19,22683756.63
2006-09-01,UST1,118079.0,53.12,6272356.4799999995
2006-09-13,HCR1,273.0,52.78,14408.94
2006-09-18,CXW,1551.0,43.35,67235.85
2006-12-04,VNO,190166.0,126.74,24101638.84
2006-12-07,MA,245460.0,99.3,24374178.0
2006-12-08,POT,171883.0,140.79698756391642,24200608.613448646
2006-12-13,LTMAY,482028.0,49.65,23932690.2
2006-12-20,ITC,612325.0,38.751000000000005,23728206.075000003
2007-01-17,CF,13079.0,29.39,384391.81
2007-02-27,TSG1,809644.0,32.41,26240562.039999995
2007-03-20,TRA,1457207.0,17.95,26156865.65
2007-03-30,MIR2,638468.0,41.21,26311266.28
2007-04-10,CE,846430.0,32.16,27221188.799999997
2007-04-11,NRG,78477.0,77.38,6072550.26
2007-05-01,MFW,7158.0,63.88,457253.04000000004
2007-06-29,GEN1,836567.0,27.329999999999995,22863376.109999996
2007-08-10,TBSIQ,748165.0,36.91,27614770.15
2007-09-12,GRMN,258895.0,106.9,27675875.5
2007-09-13,SYNA,641120.0,43.11049089604755,27638997.923274007
2007-09-18,EDO,503704.0,54.87,27638238.48
2007-11-09,BIDU,90051.0,338.50999999999993,30483164.009999994
2007-11-20,MTL,396522.0,72.96,28930245.119999997
2007-12-12,TELFY,301825.0,101.9110025676593,30759288.349983767
2007-12-13,SIGM,464915.0,66.47,30902900.05
2007-12-14,BMRN,866697.0,35.76,30993084.72
2008-01-23,INCY,2423780.0,11.250000000000002,27267525.000000004
2008-01-24,PHRM,407802.0,67.54,27542947.080000002
2008-01-25,MOS,290581.0,96.23,27962609.630000003
2008-01-28,CNX,382290.0,73.25001528353317,28002748.342741895
2008-02-08,MEE,702343.0,40.37,28353586.909999996
2008-02-12,PRGO,801535.0,36.2,29015567.000000004
2008-02-21,FRFHF,98814.0,298.33,29479180.619999997
2008-02-22,CMO,1630432.0,18.02,29380384.64
2008-03-11,JRCCQ,1588863.0,17.07,27121891.41
2008-03-12,BVN,365082.0,77.6,28330363.2
2008-04-09,WLTGQ,440578.0,69.56,30646605.68
2008-04-10,XEC,520609.0,58.87,30648251.83
2008-04-11,CMP,96200.0,66.54,6401148.000000001
2008-06-02,MMR,591670.0,32.49,19223358.3
2008-07-08,ANRZQ,379547.0,86.25,32735928.75
2008-08-06,SPSX,676280.0,44.98,30419074.4
2008-08-07,DRS1,390201.0,78.8,30747838.8
2008-08-08,IPHS,826982.0,36.83,30457747.06
2008-08-20,FSYS,500939.0,60.23,30171555.97
2008-08-21,MYGN,481006.0,63.0,30303378.0
2008-08-22,BUD1,449177.0,67.74,30427249.979999997
2008-08-25,ISYS,658942.0,46.35000000000001,30541961.700000007
2008-08-29,IKN,1761355.0,17.39,30629963.45
2008-09-04,SQNM,1270562.0,23.38,29705739.56
2008-09-05,THOR1,1110866.0,26.12,29015819.92
2008-09-08,OCR,927456.0,31.28,29010823.68
2008-09-09,UTHR,262853.0,109.01,28653605.53
2008-09-12,TREX,1494148.0,19.304,28843032.992
2008-09-15,DXPE,474262.0,61.02,28939467.240000002
2008-10-07,LDG,356726.0,73.29,26144448.540000003
2008-10-08,UB,347105.0,73.75,25598993.75
2008-10-09,IMCL,378646.0,66.98,25361709.080000002
2008-10-13,PB,745212.0,33.5,24964602.0
2008-10-14,SF,566961.0,44.99797627301441,25512097.62572452
2008-10-15,FDRY,1514228.0,16.83,25484457.24
2008-10-17,PHLY,448001.0,56.57,25343416.57
2008-10-20,NWA,2337273.0,10.93,25546393.89
2008-10-30,CBST,1068366.0,22.75,24305326.5
2008-11-04,LPHIQ,664290.0,37.459698106697715,24884102.855298225
2008-11-05,VRX1,1330636.0,18.88,25122407.68
2008-11-07,BRL,395520.0,62.91,24882163.2
2008-11-10,SQNM,1368126.0,18.25,24968299.5
2008-11-11,AMGN,428379.0,58.22,24940225.38
2008-11-12,COCOQ,1719870.0,14.42,24800525.4
2008-11-13,DNA1,305729.0,79.7,24366601.3
2008-11-20,AFAM,560008.0,42.42,23755539.36
2008-11-25,FDO,869639.0,27.65,24045518.349999998
2008-12-01,APOL,319345.0,76.62,24468213.900000002
2008-12-02,THOR1,971175.0,24.310000000000002,23609264.250000004
2008-12-03,HMSY,865368.0,27.89902074339265,24142919.78266821
2008-12-04,ESINQ,271671.0,90.06,24466690.26
2008-12-05,ALO1,681080.0,35.61,24253258.8
2008-12-08,NDN,2092215.0,11.82,24729981.3
2008-12-18,SMG,835981.0,29.84,24945673.04
2008-12-24,WKC,709132.0,34.95,24784163.400000002
2008-12-26,LCC,3286775.0,7.54,24782283.5
2008-12-29,DLTR,605945.0,41.21898724847056,24976439.228274494
2008-12-31,CWT,552763.0,45.89,25366294.07
2009-01-22,TREX,1601396.0,16.009932399806857,25638241.705321103
2009-01-26,IDCC,824828.0,31.18,25718137.04
2009-01-30,WTRG,1236796.0,20.71,25614045.16
2009-02-05,MNST,756270.0,33.91780287474332,25651016.780082133
2009-02-13,FNF,1402803.0,17.89,25096145.67
2009-02-27,HMY,1883224.0,12.28,23125990.72
2009-03-04,PRDO,942908.0,23.760000000000005,22403494.080000006
2009-03-09,NFLX,580744.0,38.22,22196035.68
2009-03-10,GFI,2041213.0,10.9,22249221.7
2009-03-16,CVTX,1188500.0,19.74,23460990.0
2009-03-24,AU,668784.0,36.09,24136414.560000002
2009-03-25,ORLY,715890.0,33.33488781346238,23864112.836779583
2009-04-02,AZO,146558.0,165.84,24305178.72
2009-04-03,BKNG,278982.0,86.05485472496474,24007755.480880115
2009-04-06,IAG,904854.0,7.79,7048812.66
2009-04-28,VTRS,1604664.0,14.44,23171348.16
2009-05-13,GMCR,289000.0,79.59200909561915,23002090.628633935
2009-05-19,CHS,2824764.0,8.0,22598112.0
2009-05-20,AN,1399488.0,16.29,22797659.52
2009-06-08,PALM,1892792.0,12.23,23148846.16
2009-06-10,STRZA,1574167.0,14.85,23376379.95
2009-06-11,TIVO,1026103.0,22.54,23128361.619999997
2009-06-12,BIDU,78072.0,297.09000000000003,23194410.480000004
2009-06-30,STEC1,988668.0,23.65,23381998.2
2009-07-21,NTES,489318.0,41.459999999999994,20287124.279999997
2009-07-27,STX,1859449.0,11.63,21625391.87
2009-08-24,ASH,4130.0,37.73,155824.9
2009-10-22,MATV,481644.0,57.26,27578935.439999998
2009-10-23,MSTR,330192.0,73.95,24417698.400000002
2009-12-03,CBDBY,320953.0,68.3,21921089.9
2010-02-11,DBI,1094227.0,26.49,28986073.229999997
2010-02-26,PRGO,521930.0,49.79,25986894.7
2010-03-17,EL,4868.0,63.47,308971.96
2010-06-08,OUTR,627273.0,51.1,32053650.3
2010-06-22,APKT,1125268.0,29.42,33105384.560000002
2010-06-29,CMG,228437.0,143.9895991332611,32892552.057204764
2010-06-30,CRUS,1979874.0,16.1,31875971.400000002
2010-07-08,HSY,647253.0,50.1,32427375.3
2010-07-09,IDC,968244.0,33.65,32581410.599999998
2010-07-29,VRX1,590206.0,56.78,33511896.68
2010-08-02,DTGF,662779.0,50.74,33629406.46
2010-08-06,AZO,7924.0,205.25000000000003,1626401.0000000002
2010-08-30,PSYS,19378.0,33.26,644512.2799999999
2010-10-07,ISLN,1579335.0,23.88,37714519.8
2010-10-27,CIB,418870.0,64.87,27172096.900000002
2010-11-23,LYB,29356.0,29.25,858663.0
2010-12-16,ENDPQ,10389.0,36.57,379925.73
2011-01-21,ALXN,497153.0,85.55,42531439.15
2011-01-28,ATML,3067706.0,14.26,43745487.56
2011-02-17,CY,2077222.0,22.91,47589156.02
2011-02-23,CVI,425009.0,19.43,8257924.87
2011-04-19,JAZZ,1396101.0,34.44,48081718.44
2011-05-20,DTGF,604693.0,81.35,49191775.55
2011-06-03,GPRO1,166101.0,81.47,13532248.47
2011-08-29,DPZ,1664993.0,27.400000000000002,45620808.2
2011-09-09,RGLD,573226.0,82.12,47073319.120000005
2011-09-12,GOLD1,422727.0,109.64,46347788.28
2011-09-13,VRUS1,598069.0,77.49,46344366.809999995
2011-09-14,MNST,529264.0,88.392,46782703.488
2011-09-15,PSMT,644495.0,73.08,47099694.6
2011-09-22,DMND,534579.0,88.42,47267475.18
2011-09-23,CEPH,562984.0,80.97,45584814.48
2011-09-26,CROX,905074.0,27.86,25215361.64
2011-10-31,SUG,1070554.0,42.3,45284434.199999996
2011-11-01,GR,368487.0,122.5,45139657.5
2011-11-03,BMRN,1389872.0,32.41,45045751.519999996
2011-11-14,VFC,336267.0,135.7,45631431.9
2011-11-18,NLC,974989.0,38.1,37147080.9
2011-11-28,QCOR,969.0,43.06,41725.14
2012-01-04,DG,935604.0,40.91,38275559.63999999
2012-02-16,GWW,241559.0,208.0,50244272.0
2012-04-03,URI,1176810.0,44.19,52003233.9
2012-04-10,AAP,571231.0,89.84,51319393.04
2012-04-26,AAPL,83188.0,614.2801732479381,51100739.052149475
2012-05-08,HD,1001538.0,51.22,51298776.36
2012-05-09,EC,805604.0,62.94,50704715.76
2012-05-10,REGN,387333.0,130.48,50539209.839999996
2012-06-01,SHW,40149.0,127.78997448058358,5130639.68542095
2012-06-21,AWHHF,669306.0,76.56798706195183,51247413.148486726
2012-07-05,DDD,946613.0,36.311001949156065,34372466.48809647
2012-07-20,PCYC,1076.0,49.05,52777.799999999996
2012-08-23,CLGX,2030697.0,24.4,49549006.8
2012-08-24,KMB,593043.0,83.3,49400481.9
2012-09-13,ELLI,1878867.0,26.59,49959073.53
2012-11-01,NSM,1362132.0,35.97,48995888.04
2012-11-23,VMED,1451418.0,33.95,49275641.1
2012-12-11,WHR,493653.0,100.1,49414665.3
2012-12-18,BAX,314946.0,66.44,20925012.24
2013-02-19,VIPS,2089923.0,24.889999999999997,52018183.46999999
2013-03-06,EV1,698913.0,39.48,27593085.24
2013-04-15,LUV,3810826.0,13.110000000000001,49959928.86000001
2013-06-14,LGF.B,2056223.0,27.740000000000002,57039626.02
2013-07-10,NXST,1492221.0,38.54,57510197.339999996
2013-07-26,CBOE,1031739.0,49.0,50555211.0
2014-04-11,GLOG,2841042.0,24.13,68554343.46
2014-04-29,HP,650451.0,107.62,70001536.62
2014-05-15,EMESQ,762303.0,84.21,64193535.629999995
2014-10-31,MDVN,773407.0,104.37,80720488.59
2014-11-07,PANW,772560.0,106.10801704322475,81974809.6469137
2014-11-13,CNQR,268429.0,128.36,34455546.440000005
2015-01-07,LOW,559302.0,66.86,37394931.72
2015-08-04,ADPTQ,821595.0,114.43,94015115.85000001
2015-08-05,SKX,611499.0,154.911,94727921.589
2015-08-06,ANAC1,231598.0,152.87,35404386.26
2015-09-23,PRE1,527642.0,138.42,73036205.64
2015-10-28,COKE,402113.0,208.79000000000002,83957173.27000001
2015-10-29,AIZ,1043244.0,81.39,84909629.16
2015-11-02,UHAL,208947.0,405.37,84700845.39
2015-11-20,CORE,1022652.0,82.42,84286977.84
2015-11-25,VRE,2955660.0,23.76,70226481.60000001
2016-01-15,HRL,993024.0,77.89,77346639.36
2016-02-05,TAL,1548058.0,48.062111228255134,74402935.78379019
2016-02-09,EDR1,1898231.0,37.81,71772114.11
2016-02-22,HPY,804176.0,92.69999999999999,74547115.19999999
2016-02-23,EDU,2368214.0,31.51,74622423.14
2016-03-04,HMIN,2171483.0,35.0,76001905.0
2016-03-07,AWK,1120868.0,67.73,75916389.64
2016-03-10,ATO,1071675.0,70.99,76078208.25
2016-03-11,ACC,1722573.0,44.44,76551144.11999999
2016-04-19,BRKR,2738636.0,28.99,79393057.64
2016-05-03,QIHU,1048617.0,75.81,79495654.77
2016-05-23,AG,7020080.0,11.18,78484494.39999999
2016-05-24,BKH,1340774.0,58.5,78435279.0
2016-05-25,B,4747695.0,16.71,79333983.45
2016-05-26,CDE,10087291.0,7.88,79487853.08
2016-08-09,NVDA,1511486.0,59.050027173913044,89253289.37298913
2016-08-16,UNIT,2923962.0,30.37,88800725.94
2016-10-03,EXEL,6447970.0,12.989999999999998,83759130.3
2016-11-04,GEN,3431345.0,23.26,79813084.7
2016-11-07,BRSL,2866341.0,28.05,80400865.05
2016-11-08,CWEI,797018.0,102.39,81606673.02
2016-11-09,TTMI,6302629.0,13.06,82312334.74000001
2016-11-22,REN,2458940.0,34.18,84046569.2
2016-12-14,CASH,847257.0,93.69998424353197,79387967.55022217
2017-03-10,STM,5468285.0,15.28,83555394.8
2017-05-24,AAPL,643522.0,153.84,98999424.48
2017-06-02,HRC,970616.0,78.66,76348654.56
2017-07-11,ISRG,104608.0,949.4110073433217,99315986.65617019
2017-07-19,SPGI,687514.0,150.01,103133975.14
2017-08-01,FIZZ,830732.0,102.82,85415864.24
2017-08-07,WGHTQ,2088666.0,41.86,87431558.76
2017-09-07,RACE,41306.0,111.21000000000001,4593640.260000001
2018-01-31,IBKR,1897824.0,63.898002875359424,121267163.40892613
2018-02-07,EC,6548177.0,17.75,116230141.75
2018-02-15,ABBV,432771.0,113.62,49171441.02
2018-03-07,ABMD,5273.0,277.38,1462624.74
2018-04-20,GMED,2344393.0,50.89,119306159.77
2018-05-02,VIRT,2827506.0,35.95,101648840.7
2018-06-14,USNA,651321.0,117.6,76595349.6
2018-08-23,TNDM,3149815.0,38.2,120322933.00000001
2018-08-29,WWE,1449656.0,84.11,121930566.16
2018-08-30,AMED,1003991.0,122.61,123099336.51
2018-09-05,IIN,1633276.0,75.9,123965648.4
2018-09-10,REGI,4618654.0,26.2,121008734.8
2018-09-18,EPAY,1810543.0,67.1,121487435.3
2018-10-08,WCG,380193.0,314.03,119392007.78999999
2018-10-10,RAMP,2538209.0,46.59000000000001,118255157.31000003
2018-11-02,RGEN,1681017.0,64.71,108778610.07
2018-11-09,TJX,1961184.0,55.67999999999999,109198725.11999999
2018-11-12,LLY,965139.0,112.26,108346504.14
2018-11-27,MKC,714561.0,145.58,104025790.38000001
2018-11-30,CABO,119745.0,887.4300000000001,106265305.35000001
2018-12-19,MZTI,542976.0,185.46999999999997,100705758.71999998
2018-12-26,IDTI,1966339.0,48.25,94875856.75
2018-12-27,ESL,808912.0,121.2,98040134.4
2019-01-11,SAVEQ,1695569.0,60.14000000000001,101971519.66000001
2019-01-17,TRCO,2245513.0,45.82,102889405.66
2019-01-24,AU,8169360.0,12.6,102933936.0
2019-01-29,EHTH,1844236.0,55.5,102355098.0
2019-04-09,ADC,1620784.0,68.0,110213312.0
2019-04-12,COKE,375689.0,294.71,110719305.19
2019-05-01,SEE,2349428.0,46.74,109812264.72
2019-05-06,ENPH,5514253.0,13.5,74442415.5
2019-06-07,ZNGA,17196851.0,6.47,111263625.97
2019-07-16,ERIE,443448.0,265.52,117744312.96
2019-08-06,PRO,747967.0,68.0,50861756.0
2019-09-23,GNRC,1483906.0,79.42,117851814.52
2019-10-10,HSY,751816.0,155.85,117170523.6
2019-10-11,AWR,1278790.0,91.76,117341770.4
2019-10-18,CINF,1032277.0,114.95000000000002,118660241.15000002
2019-10-30,AIZ,939546.0,126.13,118504936.97999999
2019-11-04,ETR,1011998.0,119.53,120964120.94
2019-11-20,KLAC,589344.0,176.12999999999997,103801158.71999998
2019-11-29,RH,535811.0,204.58,109616214.38000001
2019-12-30,SYNA,55446.0,66.72,3699357.12
2020-04-07,REGN,198101.0,502.81,99607163.81
2020-04-15,TDOC,625215.0,160.89,100590841.35
2020-04-16,FIT,14940481.0,6.73,100549437.13000001
2020-04-17,CCOI,1106085.0,91.5,101206777.5
2020-04-20,ZM,661095.0,153.3,101345863.50000001
2020-04-21,QDEL,930643.0,109.0,101440087.0
2020-04-22,AXSM,1505734.0,66.95,100808891.3
2020-04-23,EVBG,845707.0,121.45999999999998,102719572.21999998
2020-04-24,EHTH,839672.0,123.49,103691095.28
2020-04-27,SE,1875346.0,55.46,104006689.16
2020-04-28,DXCM,314130.0,335.0101370212548,105236734.34248678
2020-04-29,XLRN,1074351.0,96.32,103481488.32
2020-04-30,VXRT,31407748.0,3.3,103645568.39999999
2020-05-01,DOCU,984248.0,103.19,101564551.12
2020-05-04,AUPH,6439083.0,15.69,101029212.27
2020-05-05,BILI,3748943.0,27.28,102271165.04
2020-05-06,GOTU,2575815.0,40.29,103779586.35
2020-05-07,ARVN,1984063.0,53.410000000000004,105968804.83000001
2020-05-08,LMNX1,3176580.0,33.85,107527233.0
2020-05-11,NVAX,5446383.0,19.81,107892847.22999999
2020-05-12,BAND,429579.0,110.05,47275168.949999996
2020-05-15,NEM,10499.0,67.96,713512.0399999999
2020-06-24,DKNG,3369353.0,37.95,127866946.35000001
2020-07-01,FVRR,1218294.0,74.47,90726354.17999999
2020-07-30,LVGO,1352944.0,119.58,161785043.52
2020-08-27,BBBY,1513585.0,107.34999999999998,162483349.74999997
2020-09-15,APPS,6086747.0,25.79,156977205.13
2020-09-30,AGNT,3934673.0,42.02,165334959.46
2020-10-01,RUN,2084854.0,79.415,165568680.41000003
2020-10-08,SAIL1,3698900.0,46.6,172368740.0
2020-10-09,NIO,7910181.0,21.62,171018113.22
2020-10-21,ALTO,16575268.0,10.53,174537572.04
2020-11-18,FDX,586994.0,285.7,167704185.79999998
2020-11-23,PACB,11258941.0,15.26,171811439.66
2020-11-27,AGNT,3277427.0,52.66,172589305.82
2020-11-30,GNRC,791980.0,221.39999999999998,175344371.99999997
2020-12-01,LOB,4174677.0,41.62,173750056.73999998
2020-12-02,MRTX,743107.0,232.14,172504858.98
2020-12-03,FRHC,4317586.0,40.15,173351077.9
2020-12-04,LPRO,6473638.0,26.99,174723489.62
2020-12-07,APPS,4128004.0,43.063,177764236.252
2020-12-08,TXG,1199221.0,149.9,179763227.9
2020-12-14,PWR,645582.0,72.23,46630387.86
2021-01-04,SICPQ,509.0,76.0,38684.0
2021-02-16,SWAV,750588.0,139.95,105044790.6
2021-03-25,TPR,5275234.0,39.57,208741009.38
2021-03-29,CTRN,2500440.0,84.83,212112325.2
2021-04-05,DEN,4294860.0,51.04,219209654.4
2021-04-06,SM,12541391.0,17.53,219850584.23000002
2021-04-07,TPL,138554.0,1602.6969755098396,222060076.74479032
2021-04-08,MTZ,2240739.0,97.76,219054644.64000002
2021-04-09,SICPQ,1405571.0,156.8,220393532.8
2021-04-12,GE,16273388.0,13.609999999999998,221480810.67999995
2021-04-13,FCNCA,258870.0,849.5799999999999,219930774.6
2021-04-29,ATKR,2798843.0,80.75,226006572.25
2021-05-26,CHRD,2537533.0,83.29,211351123.57000002
2021-06-11,DAC,3064036.0,72.21,221254039.55999997
2021-06-14,SBNY,908870.0,247.49,224936236.3
2021-06-15,COF,694100.0,159.38,110625658.0
2021-08-19,LSI,1883728.0,120.05,226141546.4
2021-09-15,WST,515820.0,453.73,234043008.60000002
2021-10-08,PRFT,1907491.0,123.05,234716767.54999998
2021-10-28,ASAN,1921416.0,125.85000000000001,241810203.60000002
2021-11-01,MIME,3282528.0,76.51,251146217.28000003
2021-11-02,INTU,291883.0,612.09,178658665.47
2021-11-03,VICR,1.0,152.18,152.18
2021-12-14,FDS,502209.0,465.52,233788333.67999998
2021-12-22,COST,426042.0,545.38,232354785.96
2022-01-03,WIRE,1654538.0,144.37,238865651.06
2022-01-04,BLDR,2818641.0,84.36,237780554.76
2022-01-05,PLD,1473731.0,161.0,237270691.0
2022-01-06,WSC,5847836.0,39.41,230463216.76
2022-01-07,ACLS,3217301.0,72.2,232289132.20000002
2022-01-13,ON,3373168.0,67.52,227756303.35999998
2022-02-08,CVE,14612011.0,14.585,213116180.435
2022-02-11,MCK,791289.0,273.19,216172241.91
2022-02-17,VET,12362437.0,17.31,213993784.47
2022-02-23,CVX,1347944.0,132.93,179182195.92000002
2022-03-24,ABBV,1405924.0,159.22,223851219.28
2022-04-07,CNQ,2387485.0,62.33,148811940.04999998
2022-04-08,MDRX,1.0,22.770000000000003,22.770000000000003
2022-05-13,AMR,1309223.0,156.1,204369710.29999998
2022-05-25,BMY,2714479.0,77.13,209367765.26999998
2022-05-27,SRE,1304815.0,164.78,215007415.7
2022-06-21,STNG,5566573.0,34.8,193716740.39999998
2022-06-22,NEX,21289784.0,9.34,198846582.56
2022-06-23,PBF,5662528.0,34.38,194677712.64000002
2022-06-28,SHLX,13965144.0,14.23,198723999.12
2022-07-11,HRB,5118544.0,37.0,189386128.0
2022-07-18,LNTH,2646724.0,71.5,189240766.0
2022-07-19,CNR,3285760.0,57.36000000000001,188471193.60000002
2022-07-26,GO,4383491.0,44.03,193005108.73000002
2022-07-27,GLNG,8337156.0,23.279999999999998,194088991.67999998
2022-07-28,SAIL1,3090352.0,63.7,196855422.4
2022-07-29,VTNRQ,14043963.0,14.0,196615482.0
2022-08-02,SWCH,5768934.0,33.89,195509173.26
2022-08-03,CHNG,8104719.0,24.09,195242680.71
2022-08-04,ACC,2957255.0,65.38,193345331.89999998
2022-08-05,MNDT,8367314.0,22.78,190607412.92000002
2022-08-08,CTIC,25718029.0,7.53,193656758.37
2022-08-12,MUSA,676996.0,288.0,194974848.0
2022-09-09,LW,2459854.0,79.77,196222553.57999998
2022-09-12,NFE,3496187.0,56.61,197919146.07
2022-09-15,TMDX,3758058.0,52.050000000000004,195606918.9
2022-10-11,INSW,5370077.0,34.22,183764034.94
2022-10-17,SWIR,6027032.0,30.800000000000004,185632585.60000002
2022-10-26,ELF,4525293.0,43.09,194994875.37
2022-11-02,HAE,2385449.0,83.73,199733644.77
2022-11-09,AVEO,13709837.0,14.78,202631390.85999998
2022-11-14,FSLR,1292943.0,151.39,195738640.76999998
2022-11-16,NUVL,5910484.0,33.49,197942109.16000003
2022-11-17,MYOV,7385405.0,26.73,197411875.65
2022-12-07,ERIE,711488.0,277.24,197252933.12
2022-12-16,AAWW,1946113.0,100.42000000000002,195428667.46000004
2022-12-20,CAH,2427163.0,79.52,193008001.76
2023-01-06,WFRD,3728093.0,50.14,186926583.02
2023-01-10,RMBS,4016585.0,37.48,150541605.79999998
2023-02-01,IMVT,11032439.0,17.68,195053521.52
2023-02-02,YPF,16429255.0,11.910000000000002,195672427.05000004
2023-02-14,TDW,4581197.0,44.54,204046514.38
2023-02-17,SCCO,2267333.0,75.0500871294238,170163539.20141786
2023-02-21,NVO,1232144.0,142.41,175469627.04
2023-03-08,ALGM,33835.0,45.49,1539154.1500000001
2023-03-23,NSIT,1423595.0,137.96,196399166.20000002
2023-04-11,IPAR,1475533.0,139.6,205984406.79999998
2023-04-19,ACLS,1171073.0,127.24,149007328.51999998
2023-05-08,PEN,670636.0,308.87,207139341.32
2023-05-30,COCO,7594111.0,26.19,198889767.09
2023-06-07,BLDR,1235912.0,123.8,153005905.6
2023-07-05,FOCS,4370548.0,52.52,229541180.96
2023-07-17,TPH,701567.0,33.62,23586682.54
2023-09-11,APP,5680137.0,42.62,242087438.94
2023-09-29,XPO,3153680.0,75.31,237503640.8
2023-10-02,CAMT,3755727.0,62.42,234432479.34
2023-10-27,CEG,1977008.0,113.0,223401904.0
2023-10-30,ANF,3766445.0,58.93,221956603.85
2023-11-01,VRT,5717934.0,39.35,225000702.9
2023-11-07,MMYT,5808443.0,40.48,235125772.64
2023-11-28,UEC,37737610.0,6.390000000000001,241143327.90000004
2023-11-30,CNR,1239861.0,104.07,129032334.27
2023-12-01,AEO,25796.0,19.0,490124.0
2024-02-23,AGO,3109404.0,85.32,265294349.27999997
2024-03-21,WING,882110.0,347.01,306100991.09999996
2024-04-17,VST,3441980.0,68.62,236188667.60000002
2024-05-08,CNM,1.0,59.32,59.32
2024-07-16,TRGP,1639355.0,134.89,221132595.95
2024-08-26,ADMA,17738203.0,18.45,327269845.34999996
2024-08-30,AEM,3964395.0,81.55,323296412.25
2024-09-03,CRS,2272196.0,143.1,325151247.59999996
2024-09-04,FOX,8270975.0,37.98,314131630.5
2024-09-05,LMT,547139.0,575.2,314714352.8
2024-09-17,VTR,5005837.0,64.86,324678587.82
2024-10-07,WELL,2709225.0,124.91,338409294.75
2024-10-08,AHR,13428465.0,25.04,336248763.59999996
2024-10-09,AFL,778670.0,112.23,87390134.10000001
2024-12-03,AKR,15291738.0,25.68,392691831.84
2024-12-13,LLYVK,4870530.0,71.32,347366199.59999996
2024-12-24,RKLB,2.0,25.57,51.14
2025-01-02,PAM,95494.0,89.08,8506605.52
2025-03-20,SRAD,16707266.0,23.0,384267118.0
2025-03-21,ESLT,933105.0,411.0,383506155.0
2025-03-24,LX,35210990.0,10.85,382039241.5
2025-03-28,VRNA,6011693.0,64.22,386070924.46
2025-03-31,FNMA,57467459.0,6.68,383882626.12
2025-04-02,UNM,4706849.0,81.22,382290275.78
2025-04-03,EAT,2707695.0,142.76,386550538.2
2025-04-04,PYCR,16630131.0,22.42,372847537.02000004
2025-04-09,ATSG,15240321.0,22.47,342450012.87
2025-05-09,VRSN,1320208.0,284.72,375889621.76000005
2025-05-12,PLMR,2293283.0,164.55,377359717.65000004
2025-05-13,CNP,10264692.0,36.89,378664487.88
2025-05-14,NFG,4797372.0,79.47,381247152.84
2025-05-15,TDUP,4344335.0,6.83,29671808.05
2025-08-22,WLDN,3886667.0,106.25,412958368.75
2025-09-08,APH,3762090.0,111.1,417968199.0
2025-09-10,RBLX,3156144.0,132.51,418220641.44
2025-10-24,WDC,3270820.0,129.4,423244108.0
2025-10-27,STX,1763062.0,241.33,425479752.46000004
2025-11-06,IREN,5658300.0,75.76,428672808.0
2025-11-13,INDV,14485386.0,29.970000000000002,434127018.42
2025-12-01,LITE,1383075.0,314.99,435654794.25
2025-12-02,SNDK,2038459.0,211.74999999999997,431643693.24999994
2025-12-08,CIEN,2120972.0,205.0,434799260.0
2025-12-18,PVLA,4664801.0,92.31,430607780.31
2025-12-19,GOOG,202708.0,303.18,61457011.440000005
2025-12-23,ROIV,30899.0,22.635,699398.865
2026-04-01,ERAS,22708665.0,16.38,371967932.7
2026-06-01,KGS,11080121.0,66.63,738268462.2299999
2026-06-23,ATEX,11003861.0,74.95,824739381.95
2026-07-15,ATEN,19851312.0,37.65,747401896.8
2026-07-16,BAND,10297007.0,71.215,733301353.505
2026-07-22,SYRE,7243004.0,100.79,730022373.1600001
